person,school,ps
"[""person1""]",[10],[1.0]
"[""person2"", ""person2"", ""person2"", ""person2"", ""person2""]","[9, 10, 11, 14, 15]","[0.19, 0.188, 0.206, 0.22, 0.196]"
"[""person3""]",[15],[1.0]
"[""person4""]",[10],[1.0]
"[""person5""]",[9],[1.0]
"[""person6"", ""person6""]","[2, 10]","[0.198, 0.802]"
"[""person7"", ""person7"", ""person7"", ""person7"", ""person7"", ""person7""]","[9, 10, 11, 14, 15, 16]","[0.108, 0.12, 0.11, 0.142, 0.11, 0.41]"
"[""person8""]",[15],[1.0]
"[""person9""]",[14],[1.0]
"[""person10""]",[14],[1.0]
"[""person11"", ""person11""]","[4, 13]","[0.21, 0.79]"
"[""person12""]",[10],[1.0]
"[""person13""]",[14],[1.0]
"[""person14""]",[15],[1.0]
"[""person15""]",[9],[1.0]
"[""person16""]",[11],[1.0]
"[""person17""]",[15],[1.0]
"[""person18""]",[14],[1.0]
"[""person19""]",[13],[1.0]
"[""person20"", ""person20""]","[6, 14]","[0.268, 0.732]"
"[""person21""]",[10],[1.0]
"[""person22"", ""person22""]","[2, 5]","[0.78, 0.22]"
"[""person23"", ""person23""]","[3, 11]","[0.832, 0.168]"
"[""person24"", ""person24""]","[8, 13]","[0.118, 0.882]"
"[""person25"", ""person25""]","[13, 15]","[0.066, 0.934]"
"[""person26""]",[10],[1.0]
"[""person27""]",[11],[1.0]
"[""person28""]",[9],[1.0]
"[""person29"", ""person29""]","[2, 14]","[0.216, 0.784]"
"[""person30""]",[14],[1.0]
"[""person31"", ""person31""]","[1, 11]","[0.656, 0.344]"
"[""person32""]",[2],[1.0]
"[""person33"", ""person33""]","[9, 12]","[0.996, 0.004]"
"[""person34""]",[15],[1.0]
"[""person35"", ""person35"", ""person35""]","[5, 8, 14]","[0.184, 0.02, 0.796]"
"[""person36"", ""person36""]","[3, 16]","[0.824, 0.176]"
"[""person37""]",[1],[1.0]
"[""person38""]",[8],[1.0]
"[""person39"", ""person39"", ""person39""]","[1, 12, 16]","[0.68, 0.24, 0.08]"
"[""person40""]",[9],[1.0]
"[""person41""]",[11],[1.0]
"[""person42""]",[13],[1.0]
"[""person43""]",[10],[1.0]
"[""person44""]",[9],[1.0]
"[""person45""]",[2],[1.0]
"[""person46""]",[14],[1.0]
"[""person47"", ""person47""]","[1, 14]","[0.65, 0.35]"
"[""person48"", ""person48""]","[5, 6]","[0.73, 0.27]"
"[""person49""]",[10],[1.0]
"[""person50""]",[9],[1.0]
"[""person51"", ""person51""]","[2, 11]","[0.238, 0.762]"
"[""person52""]",[11],[1.0]
"[""person53""]",[10],[1.0]
"[""person54""]",[10],[1.0]
"[""person55""]",[9],[1.0]
"[""person56""]",[14],[1.0]
"[""person57""]",[11],[1.0]
"[""person58""]",[14],[1.0]
"[""person59"", ""person59""]","[11, 12]","[0.998, 0.002]"
"[""person60""]",[9],[1.0]
"[""person61""]",[1],[1.0]
"[""person62""]",[11],[1.0]
"[""person63""]",[10],[1.0]
"[""person64""]",[9],[1.0]
"[""person65""]",[9],[1.0]
"[""person66""]",[11],[1.0]
"[""person67""]",[4],[1.0]
"[""person68""]",[11],[1.0]
"[""person69""]",[16],[1.0]
"[""person70""]",[15],[1.0]
"[""person71"", ""person71"", ""person71""]","[2, 7, 8]","[0.202, 0.004, 0.794]"
"[""person72""]",[10],[1.0]
"[""person73""]",[15],[1.0]
"[""person74""]",[9],[1.0]
"[""person75"", ""person75"", ""person75"", ""person75"", ""person75"", ""person75""]","[9, 10, 11, 13, 14, 15]","[0.184, 0.172, 0.194, 0.068, 0.204, 0.178]"
"[""person76""]",[11],[1.0]
"[""person77""]",[14],[1.0]
"[""person78""]",[9],[1.0]
"[""person79""]",[13],[1.0]
"[""person80"", ""person80"", ""person80"", ""person80"", ""person80""]","[9, 10, 11, 14, 15]","[0.19, 0.188, 0.206, 0.22, 0.196]"
"[""person81""]",[6],[1.0]
"[""person82"", ""person82""]","[5, 12]","[0.998, 0.002]"
"[""person83""]",[10],[1.0]
"[""person84""]",[14],[1.0]
"[""person85""]",[11],[1.0]
"[""person86""]",[10],[1.0]
"[""person87""]",[15],[1.0]
"[""person88""]",[11],[1.0]
"[""person89""]",[15],[1.0]
"[""person90"", ""person90"", ""person90""]","[4, 6, 14]","[0.228, 0.084, 0.688]"
"[""person91""]",[15],[1.0]
"[""person92""]",[9],[1.0]
"[""person93""]",[9],[1.0]
"[""person94""]",[11],[1.0]
"[""person95""]",[15],[1.0]
"[""person96""]",[9],[1.0]
"[""person97""]",[14],[1.0]
"[""person98""]",[14],[1.0]
"[""person99""]",[11],[1.0]
"[""person100""]",[10],[1.0]
"[""person101""]",[9],[1.0]
"[""person102""]",[13],[1.0]
"[""person103""]",[15],[1.0]
"[""person104""]",[9],[1.0]
"[""person105""]",[15],[1.0]
"[""person106""]",[11],[1.0]
"[""person107""]",[10],[1.0]
"[""person108""]",[11],[1.0]
"[""person109""]",[14],[1.0]
"[""person110""]",[9],[1.0]
"[""person111""]",[15],[1.0]
"[""person112"", ""person112""]","[15, 16]","[0.646, 0.354]"
"[""person113""]",[15],[1.0]
"[""person114""]",[14],[1.0]
"[""person115""]",[1],[1.0]
"[""person116""]",[10],[1.0]
"[""person117""]",[10],[1.0]
"[""person118""]",[5],[1.0]
"[""person119"", ""person119""]","[14, 16]","[0.616, 0.384]"
"[""person120"", ""person120"", ""person120"", ""person120"", ""person120""]","[9, 10, 11, 14, 15]","[0.19, 0.188, 0.206, 0.22, 0.196]"
"[""person121"", ""person121""]","[4, 16]","[0.218, 0.782]"
"[""person122"", ""person122""]","[4, 14]","[0.2, 0.8]"
"[""person123""]",[15],[1.0]
"[""person124"", ""person124""]","[7, 14]","[0.094, 0.906]"
"[""person125"", ""person125""]","[8, 11]","[0.158, 0.842]"
"[""person126""]",[1],[1.0]
"[""person127""]",[14],[1.0]
"[""person128"", ""person128"", ""person128"", ""person128"", ""person128"", ""person128""]","[7, 9, 10, 11, 14, 15]","[0.142, 0.162, 0.17, 0.18, 0.186, 0.16]"
"[""person129"", ""person129"", ""person129"", ""person129"", ""person129"", ""person129""]","[9, 10, 11, 12, 14, 15]","[0.012, 0.016, 0.018, 0.92, 0.014, 0.02]"
"[""person130""]",[11],[1.0]
"[""person131""]",[10],[1.0]
"[""person132"", ""person132""]","[3, 10]","[0.84, 0.16]"
"[""person133""]",[15],[1.0]
"[""person134""]",[15],[1.0]
"[""person135""]",[15],[1.0]
"[""person136""]",[11],[1.0]
"[""person137"", ""person137""]","[12, 15]","[0.954, 0.046]"
"[""person138""]",[10],[1.0]
"[""person139""]",[14],[1.0]
"[""person140""]",[10],[1.0]
"[""person141""]",[11],[1.0]
"[""person142"", ""person142""]","[10, 13]","[0.932, 0.068]"
"[""person143"", ""person143""]","[2, 8]","[0.196, 0.804]"
"[""person144""]",[2],[1.0]
"[""person145"", ""person145""]","[1, 15]","[0.618, 0.382]"
"[""person146""]",[15],[1.0]
"[""person147""]",[9],[1.0]
"[""person148""]",[14],[1.0]
"[""person149"", ""person149""]","[9, 12]","[0.998, 0.002]"
"[""person150""]",[15],[1.0]
"[""person151""]",[15],[1.0]
"[""person152""]",[10],[1.0]
"[""person153""]",[4],[1.0]
"[""person154""]",[14],[1.0]
"[""person155""]",[14],[1.0]
"[""person156""]",[10],[1.0]
"[""person157""]",[10],[1.0]
"[""person158""]",[10],[1.0]
"[""person159""]",[5],[1.0]
"[""person160""]",[9],[1.0]
"[""person161""]",[10],[1.0]
"[""person162""]",[9],[1.0]
"[""person163""]",[15],[1.0]
"[""person164"", ""person164""]","[11, 16]","[0.614, 0.386]"
"[""person165""]",[14],[1.0]
"[""person166""]",[9],[1.0]
"[""person167""]",[11],[1.0]
"[""person168""]",[9],[1.0]
"[""person169"", ""person169""]","[9, 13]","[0.942, 0.058]"
"[""person170""]",[9],[1.0]
"[""person171""]",[9],[1.0]
"[""person172"", ""person172""]","[3, 4]","[0.866, 0.134]"
"[""person173"", ""person173""]","[12, 14]","[0.952, 0.048]"
"[""person174"", ""person174""]","[11, 12]","[0.056, 0.944]"
"[""person175""]",[15],[1.0]
"[""person176"", ""person176"", ""person176"", ""person176"", ""person176"", ""person176"", ""person176""]","[6, 7, 9, 10, 11, 14, 15]","[0.194, 0.088, 0.13, 0.138, 0.142, 0.16, 0.148]"
"[""person177""]",[9],[1.0]
"[""person178""]",[14],[1.0]
"[""person179""]",[14],[1.0]
"[""person180""]",[5],[1.0]
"[""person181"", ""person181"", ""person181"", ""person181"", ""person181"", ""person181""]","[9, 10, 11, 12, 14, 15]","[0.008, 0.014, 0.004, 0.952, 0.014, 0.008]"
"[""person182""]",[10],[1.0]
"[""person183""]",[11],[1.0]
"[""person184"", ""person184"", ""person184"", ""person184"", ""person184""]","[9, 10, 11, 14, 15]","[0.19, 0.188, 0.206, 0.22, 0.196]"
"[""person185""]",[11],[1.0]
"[""person186""]",[9],[1.0]
"[""person187""]",[10],[1.0]
"[""person188""]",[10],[1.0]
"[""person189"", ""person189""]","[8, 11]","[0.132, 0.868]"
"[""person190""]",[9],[1.0]
"[""person191""]",[7],[1.0]
"[""person192"", ""person192""]","[2, 7]","[0.224, 0.776]"
"[""person193""]",[11],[1.0]
"[""person194""]",[13],[1.0]
"[""person195""]",[14],[1.0]
"[""person196""]",[9],[1.0]
"[""person197""]",[9],[1.0]
"[""person198""]",[13],[1.0]
"[""person199"", ""person199"", ""person199""]","[5, 12, 15]","[0.216, 0.712, 0.072]"
"[""person200""]",[10],[1.0]
"[""person201"", ""person201""]","[1, 11]","[0.66, 0.34]"
"[""person202"", ""person202"", ""person202"", ""person202"", ""person202""]","[9, 10, 11, 14, 15]","[0.19, 0.188, 0.206, 0.22, 0.196]"
"[""person203""]",[10],[1.0]
"[""person204""]",[4],[1.0]
"[""person205""]",[9],[1.0]
"[""person206""]",[14],[1.0]
"[""person207""]",[9],[1.0]
"[""person208""]",[10],[1.0]
"[""person209"", ""person209""]","[11, 13]","[0.914, 0.086]"
"[""person210"", ""person210""]","[1, 14]","[0.628, 0.372]"
"[""person211""]",[15],[1.0]
"[""person212""]",[2],[1.0]
"[""person213""]",[14],[1.0]
"[""person214"", ""person214""]","[4, 9]","[0.184, 0.816]"
"[""person215"", ""person215""]","[6, 10]","[0.224, 0.776]"
"[""person216""]",[9],[1.0]
"[""person217""]",[14],[1.0]
"[""person218""]",[11],[1.0]
"[""person219""]",[10],[1.0]
"[""person220""]",[1],[1.0]
"[""person221""]",[15],[1.0]
"[""person222"", ""person222""]","[3, 14]","[0.832, 0.168]"
"[""person223""]",[13],[1.0]
"[""person224""]",[16],[1.0]
"[""person225""]",[15],[1.0]
"[""person226""]",[11],[1.0]
"[""person227""]",[9],[1.0]
"[""person228"", ""person228"", ""person228"", ""person228"", ""person228"", ""person228"", ""person228""]","[9, 10, 11, 13, 14, 15, 16]","[0.13, 0.108, 0.136, 0.002, 0.15, 0.124, 0.35]"
"[""person229""]",[16],[1.0]
"[""person230""]",[2],[1.0]
"[""person231""]",[14],[1.0]
"[""person232""]",[10],[1.0]
"[""person233""]",[7],[1.0]
"[""person234""]",[7],[1.0]
"[""person235""]",[14],[1.0]
"[""person236""]",[11],[1.0]
"[""person237""]",[11],[1.0]
"[""person238""]",[8],[1.0]
"[""person239""]",[4],[1.0]
"[""person240""]",[9],[1.0]
"[""person241""]",[9],[1.0]
"[""person242""]",[10],[1.0]
"[""person243""]",[15],[1.0]
"[""person244""]",[4],[1.0]
"[""person245""]",[9],[1.0]
"[""person246"", ""person246"", ""person246""]","[3, 9, 12]","[0.844, 0.074, 0.082]"
"[""person247"", ""person247""]","[7, 15]","[0.102, 0.898]"
"[""person248""]",[9],[1.0]
"[""person249""]",[14],[1.0]
"[""person250"", ""person250""]","[4, 6]","[0.216, 0.784]"
"[""person251"", ""person251""]","[6, 14]","[0.24, 0.76]"
"[""person252""]",[14],[1.0]
"[""person253""]",[9],[1.0]
"[""person254""]",[2],[1.0]
"[""person255"", ""person255""]","[7, 9]","[0.136, 0.864]"
"[""person256"", ""person256""]","[1, 3]","[0.146, 0.854]"
"[""person257""]",[10],[1.0]
"[""person258""]",[10],[1.0]
"[""person259""]",[10],[1.0]
"[""person260""]",[10],[1.0]
"[""person261""]",[9],[1.0]
"[""person262""]",[9],[1.0]
"[""person263""]",[14],[1.0]
"[""person264""]",[9],[1.0]
"[""person265""]",[11],[1.0]
"[""person266"", ""person266""]","[10, 13]","[0.9, 0.1]"
"[""person267"", ""person267""]","[1, 3]","[0.162, 0.838]"
"[""person268""]",[5],[1.0]
"[""person269""]",[6],[1.0]
"[""person270""]",[8],[1.0]
"[""person271""]",[16],[1.0]
"[""person272""]",[11],[1.0]
"[""person273"", ""person273""]","[11, 16]","[0.614, 0.386]"
"[""person274""]",[4],[1.0]
"[""person275""]",[14],[1.0]
"[""person276""]",[6],[1.0]
"[""person277""]",[7],[1.0]
"[""person278""]",[11],[1.0]
"[""person279""]",[10],[1.0]
"[""person280"", ""person280""]","[9, 12]","[0.06, 0.94]"
"[""person281"", ""person281"", ""person281"", ""person281"", ""person281"", ""person281""]","[5, 9, 10, 11, 14, 15]","[0.162, 0.16, 0.156, 0.174, 0.19, 0.158]"
"[""person282""]",[10],[1.0]
"[""person283"", ""person283""]","[6, 10]","[0.248, 0.752]"
"[""person284""]",[10],[1.0]
"[""person285""]",[9],[1.0]
"[""person286"", ""person286"", ""person286"", ""person286"", ""person286"", ""person286"", ""person286""]","[4, 9, 10, 11, 14, 15, 16]","[0.01, 0.108, 0.122, 0.114, 0.152, 0.114, 0.38]"
"[""person287"", ""person287""]","[9, 16]","[0.64, 0.36]"
"[""person288"", ""person288""]","[1, 8]","[0.66, 0.34]"
"[""person289""]",[13],[1.0]
"[""person290"", ""person290""]","[2, 15]","[0.22, 0.78]"
"[""person291""]",[15],[1.0]
"[""person292"", ""person292""]","[10, 12]","[0.036, 0.964]"
"[""person293""]",[6],[1.0]
"[""person294""]",[9],[1.0]
"[""person295""]",[15],[1.0]
"[""person296""]",[10],[1.0]
"[""person297"", ""person297""]","[3, 10]","[0.83, 0.17]"
"[""person298""]",[11],[1.0]
"[""person299""]",[14],[1.0]
"[""person300""]",[5],[1.0]
"[""person301"", ""person301""]","[2, 10]","[0.236, 0.764]"
"[""person302""]",[5],[1.0]
"[""person303""]",[13],[1.0]
"[""person304""]",[15],[1.0]
"[""person305""]",[10],[1.0]
"[""person306""]",[6],[1.0]
"[""person307""]",[14],[1.0]
"[""person308""]",[9],[1.0]
"[""person309""]",[11],[1.0]
"[""person310""]",[14],[1.0]
"[""person311""]",[11],[1.0]
"[""person312""]",[4],[1.0]
"[""person313""]",[10],[1.0]
"[""person314"", ""person314""]","[2, 10]","[0.202, 0.798]"
"[""person315"", ""person315"", ""person315"", ""person315"", ""person315"", ""person315""]","[9, 10, 11, 12, 14, 15]","[0.004, 0.01, 0.014, 0.944, 0.016, 0.012]"
"[""person316""]",[15],[1.0]
"[""person317"", ""person317""]","[5, 9]","[0.208, 0.792]"
"[""person318""]",[7],[1.0]
"[""person319""]",[4],[1.0]
"[""person320""]",[14],[1.0]
"[""person321""]",[10],[1.0]
"[""person322""]",[14],[1.0]
"[""person323"", ""person323""]","[2, 14]","[0.214, 0.786]"
"[""person324""]",[14],[1.0]
"[""person325""]",[1],[1.0]
"[""person326""]",[9],[1.0]
"[""person327""]",[7],[1.0]
"[""person328""]",[14],[1.0]
"[""person329""]",[6],[1.0]
"[""person330""]",[9],[1.0]
"[""person331""]",[10],[1.0]
"[""person332""]",[11],[1.0]
"[""person333""]",[9],[1.0]
"[""person334""]",[2],[1.0]
"[""person335""]",[10],[1.0]
"[""person336"", ""person336""]","[8, 12]","[0.06, 0.94]"
"[""person337""]",[11],[1.0]
"[""person338""]",[14],[1.0]
"[""person339""]",[15],[1.0]
"[""person340"", ""person340""]","[2, 10]","[0.212, 0.788]"
"[""person341""]",[11],[1.0]
"[""person342"", ""person342""]","[14, 16]","[0.63, 0.37]"
"[""person343"", ""person343""]","[1, 3]","[0.178, 0.822]"
"[""person344""]",[10],[1.0]
"[""person345""]",[9],[1.0]
"[""person346""]",[11],[1.0]
"[""person347""]",[7],[1.0]
"[""person348""]",[11],[1.0]
"[""person349""]",[13],[1.0]
"[""person350""]",[9],[1.0]
"[""person351""]",[1],[1.0]
"[""person352""]",[14],[1.0]
"[""person353"", ""person353"", ""person353"", ""person353"", ""person353"", ""person353""]","[7, 9, 10, 11, 14, 15]","[0.114, 0.17, 0.162, 0.194, 0.184, 0.176]"
"[""person354""]",[9],[1.0]
"[""person355"", ""person355""]","[5, 13]","[0.916, 0.084]"
"[""person356""]",[9],[1.0]
"[""person357""]",[15],[1.0]
"[""person358""]",[7],[1.0]
"[""person359""]",[10],[1.0]
"[""person360""]",[9],[1.0]
"[""person361""]",[10],[1.0]
"[""person362""]",[14],[1.0]
"[""person363""]",[9],[1.0]
"[""person364""]",[8],[1.0]
"[""person365""]",[10],[1.0]
"[""person366"", ""person366"", ""person366"", ""person366"", ""person366"", ""person366"", ""person366"", ""person366""]","[1, 4, 9, 10, 11, 14, 15, 16]","[0.244, 0.01, 0.092, 0.08, 0.064, 0.08, 0.082, 0.348]"
"[""person367""]",[4],[1.0]
"[""person368""]",[15],[1.0]
"[""person369""]",[13],[1.0]
"[""person370""]",[11],[1.0]
"[""person371""]",[9],[1.0]
"[""person372"", ""person372""]","[3, 15]","[0.87, 0.13]"
"[""person373""]",[9],[1.0]
"[""person374"", ""person374"", ""person374""]","[3, 5, 7]","[0.636, 0.214, 0.15]"
"[""person375""]",[11],[1.0]
"[""person376"", ""person376""]","[3, 10]","[0.844, 0.156]"
"[""person377"", ""person377""]","[10, 13]","[0.91, 0.09]"
"[""person378""]",[15],[1.0]
"[""person379"", ""person379""]","[10, 12]","[0.998, 0.002]"
"[""person380""]",[10],[1.0]
"[""person381""]",[4],[1.0]
"[""person382""]",[14],[1.0]
"[""person383""]",[14],[1.0]
"[""person384""]",[15],[1.0]
"[""person385""]",[15],[1.0]
"[""person386"", ""person386""]","[2, 11]","[0.218, 0.782]"
"[""person387""]",[10],[1.0]
"[""person388"", ""person388""]","[4, 11]","[0.196, 0.804]"
"[""person389""]",[16],[1.0]
"[""person390""]",[14],[1.0]
"[""person391""]",[16],[1.0]
"[""person392""]",[9],[1.0]
"[""person393""]",[9],[1.0]
"[""person394""]",[14],[1.0]
"[""person395""]",[10],[1.0]
"[""person396""]",[10],[1.0]
"[""person397"", ""person397""]","[9, 16]","[0.612, 0.388]"
"[""person398""]",[11],[1.0]
"[""person399""]",[5],[1.0]
"[""person400""]",[14],[1.0]
"[""person401"", ""person401"", ""person401"", ""person401"", ""person401"", ""person401"", ""person401""]","[5, 9, 10, 11, 13, 14, 15]","[0.164, 0.152, 0.154, 0.174, 0.018, 0.182, 0.156]"
"[""person402"", ""person402""]","[2, 10]","[0.208, 0.792]"
"[""person403""]",[11],[1.0]
"[""person404""]",[10],[1.0]
"[""person405""]",[10],[1.0]
"[""person406""]",[5],[1.0]
"[""person407"", ""person407""]","[11, 12]","[0.998, 0.002]"
"[""person408""]",[14],[1.0]
"[""person409""]",[6],[1.0]
"[""person410""]",[15],[1.0]
"[""person411""]",[14],[1.0]
"[""person412""]",[10],[1.0]
"[""person413"", ""person413""]","[7, 9]","[0.126, 0.874]"
"[""person414""]",[10],[1.0]
"[""person415""]",[11],[1.0]
"[""person416""]",[7],[1.0]
"[""person417""]",[14],[1.0]
"[""person418""]",[15],[1.0]
"[""person419"", ""person419"", ""person419"", ""person419"", ""person419""]","[9, 10, 11, 14, 15]","[0.19, 0.188, 0.206, 0.22, 0.196]"
"[""person420""]",[9],[1.0]
"[""person421""]",[10],[1.0]
"[""person422""]",[15],[1.0]
"[""person423"", ""person423""]","[8, 9]","[0.166, 0.834]"
"[""person424"", ""person424""]","[12, 14]","[0.958, 0.042]"
"[""person425""]",[11],[1.0]
"[""person426"", ""person426""]","[8, 10]","[0.128, 0.872]"
"[""person427""]",[4],[1.0]
"[""person428""]",[10],[1.0]
"[""person429""]",[14],[1.0]
"[""person430"", ""person430""]","[12, 15]","[0.934, 0.066]"
"[""person431""]",[15],[1.0]
"[""person432"", ""person432""]","[11, 12]","[0.068, 0.932]"
"[""person433""]",[15],[1.0]
"[""person434""]",[15],[1.0]
"[""person435"", ""person435""]","[6, 11]","[0.238, 0.762]"
"[""person436""]",[14],[1.0]
"[""person437""]",[7],[1.0]
"[""person438"", ""person438""]","[8, 10]","[0.172, 0.828]"
"[""person439""]",[15],[1.0]
"[""person440""]",[15],[1.0]
"[""person441"", ""person441"", ""person441"", ""person441"", ""person441"", ""person441""]","[9, 10, 11, 12, 14, 15]","[0.008, 0.008, 0.02, 0.95, 0.008, 0.006]"
"[""person442""]",[11],[1.0]
"[""person443""]",[15],[1.0]
"[""person444"", ""person444"", ""person444"", ""person444""]","[6, 8, 9, 12]","[0.138, 0.134, 0.726, 0.002]"
"[""person445""]",[14],[1.0]
"[""person446""]",[10],[1.0]
"[""person447""]",[9],[1.0]
"[""person448""]",[14],[1.0]
"[""person449""]",[6],[1.0]
"[""person450""]",[4],[1.0]
"[""person451""]",[14],[1.0]
"[""person452""]",[15],[1.0]
"[""person453""]",[9],[1.0]
"[""person454"", ""person454"", ""person454""]","[1, 8, 11]","[0.48, 0.158, 0.362]"
"[""person455""]",[9],[1.0]
"[""person456""]",[14],[1.0]
"[""person457""]",[15],[1.0]
"[""person458""]",[10],[1.0]
"[""person459""]",[13],[1.0]
"[""person460"", ""person460""]","[8, 10]","[0.132, 0.868]"
"[""person461""]",[10],[1.0]
"[""person462""]",[16],[1.0]
"[""person463"", ""person463"", ""person463"", ""person463"", ""person463"", ""person463""]","[1, 9, 10, 11, 14, 15]","[0.618, 0.072, 0.054, 0.094, 0.086, 0.076]"
"[""person464""]",[9],[1.0]
"[""person465"", ""person465""]","[7, 10]","[0.11, 0.89]"
"[""person466"", ""person466""]","[5, 9]","[0.188, 0.812]"
"[""person467""]",[1],[1.0]
"[""person468""]",[15],[1.0]
"[""person469""]",[15],[1.0]
"[""person470""]",[14],[1.0]
"[""person471""]",[2],[1.0]
"[""person472""]",[10],[1.0]
"[""person473""]",[6],[1.0]
"[""person474"", ""person474""]","[6, 14]","[0.28, 0.72]"
"[""person475"", ""person475"", ""person475""]","[5, 12, 14]","[0.214, 0.722, 0.064]"
"[""person476""]",[13],[1.0]
"[""person477"", ""person477""]","[6, 15]","[0.296, 0.704]"
"[""person478""]",[14],[1.0]
"[""person479""]",[9],[1.0]
"[""person480""]",[9],[1.0]
"[""person481""]",[11],[1.0]
"[""person482""]",[6],[1.0]
"[""person483""]",[15],[1.0]
"[""person484"", ""person484""]","[13, 14]","[0.088, 0.912]"
"[""person485""]",[14],[1.0]
"[""person486"", ""person486""]","[7, 11]","[0.108, 0.892]"
"[""person487""]",[11],[1.0]
"[""person488""]",[9],[1.0]
"[""person489""]",[11],[1.0]
"[""person490""]",[7],[1.0]
"[""person491""]",[10],[1.0]
"[""person492"", ""person492""]","[6, 8]","[0.888, 0.112]"
"[""person493""]",[10],[1.0]
"[""person494"", ""person494"", ""person494"", ""person494"", ""person494"", ""person494""]","[8, 9, 10, 11, 14, 15]","[0.17, 0.162, 0.162, 0.168, 0.18, 0.158]"
"[""person495"", ""person495""]","[15, 16]","[0.62, 0.38]"
"[""person496""]",[7],[1.0]
"[""person497""]",[5],[1.0]
"[""person498""]",[11],[1.0]
"[""person499""]",[14],[1.0]
"[""person500""]",[9],[1.0]
"[""person501""]",[10],[1.0]
"[""person502"", ""person502"", ""person502"", ""person502"", ""person502"", ""person502"", ""person502""]","[3, 9, 10, 11, 12, 14, 15]","[0.844, 0.012, 0.01, 0.02, 0.08, 0.018, 0.016]"
"[""person503""]",[11],[1.0]
"[""person504"", ""person504"", ""person504"", ""person504"", ""person504""]","[9, 10, 11, 14, 15]","[0.19, 0.188, 0.206, 0.22, 0.196]"
"[""person505""]",[8],[1.0]
"[""person506""]",[10],[1.0]
"[""person507"", ""person507"", ""person507"", ""person507"", ""person507"", ""person507""]","[3, 9, 10, 11, 14, 15]","[0.814, 0.026, 0.042, 0.046, 0.038, 0.034]"
"[""person508""]",[8],[1.0]
"[""person509""]",[9],[1.0]
"[""person510""]",[14],[1.0]
"[""person511""]",[15],[1.0]
"[""person512""]",[11],[1.0]
"[""person513""]",[11],[1.0]
"[""person514""]",[2],[1.0]
"[""person515"", ""person515""]","[7, 10]","[0.108, 0.892]"
"[""person516"", ""person516""]","[6, 16]","[0.634, 0.366]"
"[""person517""]",[9],[1.0]
"[""person518""]",[10],[1.0]
"[""person519"", ""person519"", ""person519"", ""person519"", ""person519"", ""person519""]","[8, 9, 10, 11, 14, 15]","[0.15, 0.162, 0.162, 0.176, 0.172, 0.178]"
"[""person520""]",[16],[1.0]
"[""person521"", ""person521"", ""person521"", ""person521"", ""person521""]","[9, 10, 11, 14, 15]","[0.19, 0.188, 0.206, 0.22, 0.196]"
"[""person522""]",[14],[1.0]
"[""person523""]",[15],[1.0]
"[""person524""]",[4],[1.0]
"[""person525""]",[11],[1.0]
"[""person526"", ""person526""]","[2, 15]","[0.202, 0.798]"
"[""person527""]",[11],[1.0]
"[""person528""]",[7],[1.0]
"[""person529"", ""person529"", ""person529""]","[3, 7, 14]","[0.734, 0.126, 0.14]"
"[""person530"", ""person530"", ""person530"", ""person530"", ""person530"", ""person530"", ""person530"", ""person530""]","[2, 5, 8, 9, 10, 11, 14, 15]","[0.064, 0.188, 0.004, 0.148, 0.134, 0.142, 0.158, 0.162]"
"[""person531""]",[11],[1.0]
"[""person532"", ""person532"", ""person532"", ""person532"", ""person532"", ""person532""]","[9, 10, 11, 14, 15, 16]","[0.106, 0.116, 0.122, 0.14, 0.118, 0.398]"
"[""person533""]",[9],[1.0]
"[""person534""]",[10],[1.0]
"[""person535""]",[10],[1.0]
"[""person536""]",[11],[1.0]
"[""person537""]",[9],[1.0]
"[""person538""]",[4],[1.0]
"[""person539""]",[9],[1.0]
"[""person540""]",[13],[1.0]
"[""person541"", ""person541"", ""person541"", ""person541"", ""person541""]","[9, 10, 11, 14, 15]","[0.19, 0.188, 0.206, 0.22, 0.196]"
"[""person542"", ""person542"", ""person542"", ""person542"", ""person542""]","[9, 10, 11, 14, 15]","[0.19, 0.188, 0.206, 0.22, 0.196]"
"[""person543""]",[11],[1.0]
"[""person544""]",[10],[1.0]
"[""person545""]",[16],[1.0]
"[""person546"", ""person546"", ""person546""]","[3, 4, 10]","[0.598, 0.252, 0.15]"
"[""person547""]",[15],[1.0]
"[""person548""]",[13],[1.0]
"[""person549""]",[15],[1.0]
"[""person550""]",[10],[1.0]
"[""person551"", ""person551""]","[3, 10]","[0.844, 0.156]"
"[""person552""]",[10],[1.0]
"[""person553""]",[11],[1.0]
"[""person554""]",[14],[1.0]
"[""person555"", ""person555""]","[13, 15]","[0.098, 0.902]"
"[""person556""]",[15],[1.0]
"[""person557""]",[10],[1.0]
"[""person558""]",[14],[1.0]
"[""person559""]",[11],[1.0]
"[""person560"", ""person560""]","[2, 9]","[0.236, 0.764]"
"[""person561"", ""person561"", ""person561"", ""person561"", ""person561"", ""person561""]","[3, 9, 10, 11, 14, 15]","[0.866, 0.02, 0.024, 0.022, 0.044, 0.024]"
"[""person562""]",[15],[1.0]
"[""person563""]",[14],[1.0]
"[""person564"", ""person564""]","[1, 15]","[0.678, 0.322]"
"[""person565""]",[11],[1.0]
"[""person566""]",[1],[1.0]
"[""person567""]",[15],[1.0]
"[""person568""]",[9],[1.0]
"[""person569"", ""person569""]","[7, 10]","[0.082, 0.918]"
"[""person570""]",[9],[1.0]
"[""person571""]",[9],[1.0]
"[""person572""]",[9],[1.0]
"[""person573""]",[15],[1.0]
"[""person574""]",[15],[1.0]
"[""person575""]",[14],[1.0]
"[""person576"", ""person576""]","[3, 14]","[0.872, 0.128]"
"[""person577""]",[2],[1.0]
"[""person578""]",[5],[1.0]
"[""person579""]",[9],[1.0]
"[""person580""]",[14],[1.0]
"[""person581""]",[11],[1.0]
"[""person582"", ""person582""]","[5, 13]","[0.922, 0.078]"
"[""person583""]",[8],[1.0]
"[""person584""]",[9],[1.0]
"[""person585"", ""person585"", ""person585"", ""person585"", ""person585""]","[9, 10, 11, 14, 15]","[0.19, 0.188, 0.206, 0.22, 0.196]"
"[""person586""]",[9],[1.0]
"[""person587""]",[11],[1.0]
"[""person588"", ""person588"", ""person588"", ""person588"", ""person588""]","[9, 10, 11, 14, 15]","[0.19, 0.188, 0.206, 0.22, 0.196]"
"[""person589""]",[10],[1.0]
"[""person590""]",[10],[1.0]
"[""person591""]",[10],[1.0]
"[""person592""]",[6],[1.0]
"[""person593"", ""person593""]","[6, 10]","[0.268, 0.732]"
"[""person594""]",[14],[1.0]
"[""person595""]",[14],[1.0]
"[""person596""]",[11],[1.0]
"[""person597""]",[8],[1.0]
"[""person598""]",[14],[1.0]
"[""person599""]",[14],[1.0]
"[""person600""]",[9],[1.0]
"[""person601""]",[7],[1.0]
"[""person602""]",[14],[1.0]
"[""person603""]",[15],[1.0]
"[""person604"", ""person604"", ""person604"", ""person604"", ""person604"", ""person604""]","[7, 9, 10, 11, 14, 15]","[0.128, 0.172, 0.162, 0.176, 0.19, 0.172]"
"[""person605""]",[10],[1.0]
"[""person606"", ""person606""]","[9, 13]","[0.916, 0.084]"
"[""person607""]",[11],[1.0]
"[""person608""]",[14],[1.0]
"[""person609""]",[15],[1.0]
"[""person610"", ""person610""]","[9, 12]","[0.078, 0.922]"
"[""person611"", ""person611"", ""person611"", ""person611"", ""person611"", ""person611""]","[1, 9, 10, 11, 14, 15]","[0.624, 0.07, 0.074, 0.074, 0.09, 0.068]"
"[""person612""]",[10],[1.0]
"[""person613""]",[9],[1.0]
"[""person614""]",[11],[1.0]
"[""person615""]",[10],[1.0]
"[""person616""]",[13],[1.0]
"[""person617"", ""person617""]","[4, 5]","[0.202, 0.798]"
"[""person618""]",[9],[1.0]
"[""person619""]",[11],[1.0]
"[""person620""]",[15],[1.0]
"[""person621""]",[15],[1.0]
"[""person622"", ""person622""]","[4, 9]","[0.21, 0.79]"
"[""person623""]",[10],[1.0]
"[""person624"", ""person624""]","[8, 10]","[0.124, 0.876]"
"[""person625""]",[14],[1.0]
"[""person626"", ""person626"", ""person626""]","[2, 13, 14]","[0.198, 0.008, 0.794]"
"[""person627""]",[9],[1.0]
"[""person628""]",[10],[1.0]
"[""person629"", ""person629""]","[5, 14]","[0.212, 0.788]"
"[""person630""]",[10],[1.0]
"[""person631""]",[14],[1.0]
"[""person632""]",[9],[1.0]
"[""person633""]",[15],[1.0]
"[""person634""]",[15],[1.0]
"[""person635""]",[7],[1.0]
"[""person636""]",[11],[1.0]
"[""person637"", ""person637"", ""person637""]","[8, 9, 13]","[0.15, 0.842, 0.008]"
"[""person638""]",[10],[1.0]
"[""person639""]",[13],[1.0]
"[""person640"", ""person640""]","[6, 7]","[0.88, 0.12]"
"[""person641""]",[6],[1.0]
"[""person642""]",[9],[1.0]
"[""person643"", ""person643""]","[7, 14]","[0.118, 0.882]"
"[""person644""]",[6],[1.0]
"[""person645""]",[5],[1.0]
"[""person646""]",[8],[1.0]
"[""person647""]",[14],[1.0]
"[""person648""]",[9],[1.0]
"[""person649""]",[4],[1.0]
"[""person650""]",[11],[1.0]
"[""person651""]",[11],[1.0]
"[""person652"", ""person652""]","[2, 14]","[0.228, 0.772]"
"[""person653""]",[15],[1.0]
"[""person654"", ""person654""]","[4, 15]","[0.236, 0.764]"
"[""person655"", ""person655""]","[8, 9]","[0.124, 0.876]"
"[""person656""]",[11],[1.0]
"[""person657"", ""person657""]","[2, 14]","[0.24, 0.76]"
"[""person658"", ""person658""]","[6, 12]","[0.048, 0.952]"
"[""person659"", ""person659""]","[3, 11]","[0.852, 0.148]"
"[""person660""]",[14],[1.0]
"[""person661""]",[10],[1.0]
"[""person662""]",[10],[1.0]
"[""person663""]",[11],[1.0]
"[""person664""]",[11],[1.0]
"[""person665""]",[10],[1.0]
"[""person666""]",[11],[1.0]
"[""person667""]",[2],[1.0]
"[""person668"", ""person668"", ""person668"", ""person668"", ""person668""]","[9, 10, 11, 14, 15]","[0.19, 0.188, 0.206, 0.22, 0.196]"
"[""person669""]",[14],[1.0]
"[""person670"", ""person670"", ""person670""]","[4, 5, 15]","[0.064, 0.216, 0.72]"
"[""person671""]",[9],[1.0]
"[""person672""]",[11],[1.0]
"[""person673""]",[15],[1.0]
"[""person674""]",[7],[1.0]
"[""person675""]",[15],[1.0]
"[""person676""]",[11],[1.0]
"[""person677""]",[14],[1.0]
"[""person678""]",[15],[1.0]
"[""person679""]",[14],[1.0]
"[""person680""]",[16],[1.0]
"[""person681""]",[8],[1.0]
"[""person682""]",[14],[1.0]
"[""person683"", ""person683""]","[10, 16]","[0.636, 0.364]"
"[""person684""]",[4],[1.0]
"[""person685""]",[15],[1.0]
"[""person686""]",[10],[1.0]
"[""person687""]",[8],[1.0]
"[""person688""]",[14],[1.0]
"[""person689""]",[11],[1.0]
"[""person690"", ""person690""]","[13, 14]","[0.104, 0.896]"
"[""person691""]",[8],[1.0]
"[""person692""]",[15],[1.0]
"[""person693"", ""person693""]","[4, 14]","[0.204, 0.796]"
"[""person694"", ""person694"", ""person694"", ""person694"", ""person694"", ""person694"", ""person694""]","[2, 3, 9, 10, 11, 14, 15]","[0.246, 0.6, 0.02, 0.03, 0.024, 0.046, 0.034]"
"[""person695""]",[14],[1.0]
"[""person696"", ""person696"", ""person696"", ""person696"", ""person696""]","[9, 10, 11, 14, 15]","[0.19, 0.188, 0.206, 0.22, 0.196]"
"[""person697"", ""person697"", ""person697""]","[2, 11, 16]","[0.008, 0.602, 0.39]"
"[""person698""]",[15],[1.0]
"[""person699""]",[9],[1.0]
"[""person700""]",[10],[1.0]
"[""person701""]",[9],[1.0]
"[""person702""]",[15],[1.0]
"[""person703"", ""person703""]","[8, 16]","[0.152, 0.848]"
"[""person704""]",[14],[1.0]
"[""person705"", ""person705""]","[1, 10]","[0.656, 0.344]"
"[""person706""]",[15],[1.0]
"[""person707""]",[14],[1.0]
"[""person708"", ""person708""]","[6, 14]","[0.268, 0.732]"
"[""person709""]",[10],[1.0]
"[""person710"", ""person710""]","[6, 11]","[0.29, 0.71]"
"[""person711"", ""person711"", ""person711"", ""person711"", ""person711""]","[9, 10, 11, 14, 15]","[0.19, 0.188, 0.206, 0.22, 0.196]"
"[""person712""]",[10],[1.0]
"[""person713""]",[10],[1.0]
"[""person714""]",[9],[1.0]
"[""person715"", ""person715""]","[7, 12]","[0.998, 0.002]"
"[""person716""]",[10],[1.0]
"[""person717"", ""person717"", ""person717"", ""person717"", ""person717"", ""person717""]","[3, 9, 10, 11, 14, 15]","[0.846, 0.032, 0.036, 0.026, 0.04, 0.02]"
"[""person718""]",[2],[1.0]
"[""person719""]",[10],[1.0]
"[""person720"", ""person720""]","[10, 12]","[0.048, 0.952]"
"[""person721""]",[4],[1.0]
"[""person722""]",[8],[1.0]
"[""person723""]",[15],[1.0]
"[""person724"", ""person724""]","[11, 12]","[0.044, 0.956]"
"[""person725""]",[14],[1.0]
"[""person726""]",[8],[1.0]
"[""person727""]",[14],[1.0]
"[""person728""]",[9],[1.0]
"[""person729""]",[15],[1.0]
"[""person730""]",[10],[1.0]
"[""person731""]",[15],[1.0]
"[""person732""]",[15],[1.0]
"[""person733""]",[9],[1.0]
"[""person734""]",[15],[1.0]
"[""person735"", ""person735"", ""person735"", ""person735"", ""person735""]","[9, 10, 11, 14, 15]","[0.19, 0.188, 0.206, 0.22, 0.196]"
"[""person736"", ""person736"", ""person736"", ""person736"", ""person736"", ""person736""]","[5, 9, 10, 11, 14, 15]","[0.208, 0.138, 0.152, 0.16, 0.186, 0.156]"
"[""person737"", ""person737"", ""person737"", ""person737"", ""person737"", ""person737""]","[2, 9, 10, 11, 14, 15]","[0.192, 0.144, 0.158, 0.164, 0.182, 0.16]"
"[""person738""]",[10],[1.0]
"[""person739""]",[15],[1.0]
"[""person740""]",[11],[1.0]
"[""person741""]",[11],[1.0]
"[""person742""]",[15],[1.0]
"[""person743""]",[15],[1.0]
"[""person744""]",[14],[1.0]
"[""person745""]",[11],[1.0]
"[""person746""]",[8],[1.0]
"[""person747""]",[10],[1.0]
"[""person748"", ""person748""]","[2, 15]","[0.198, 0.802]"
"[""person749""]",[10],[1.0]
"[""person750""]",[9],[1.0]
"[""person751""]",[9],[1.0]
"[""person752"", ""person752""]","[2, 12]","[0.056, 0.944]"
"[""person753"", ""person753"", ""person753"", ""person753"", ""person753"", ""person753""]","[7, 9, 10, 11, 14, 15]","[0.126, 0.168, 0.164, 0.178, 0.2, 0.164]"
"[""person754""]",[10],[1.0]
"[""person755""]",[10],[1.0]
"[""person756"", ""person756""]","[13, 15]","[0.084, 0.916]"
"[""person757""]",[15],[1.0]
"[""person758"", ""person758""]","[3, 8]","[0.82, 0.18]"
"[""person759"", ""person759"", ""person759""]","[6, 9, 12]","[0.272, 0.052, 0.676]"
"[""person760""]",[13],[1.0]
"[""person761""]",[11],[1.0]
"[""person762""]",[9],[1.0]
"[""person763""]",[10],[1.0]
"[""person764""]",[10],[1.0]
"[""person765""]",[15],[1.0]
"[""person766"", ""person766""]","[1, 10]","[0.696, 0.304]"
"[""person767"", ""person767"", ""person767""]","[4, 8, 9]","[0.186, 0.024, 0.79]"
"[""person768""]",[11],[1.0]
"[""person769""]",[11],[1.0]
"[""person770"", ""person770"", ""person770"", ""person770"", ""person770"", ""person770"", ""person770""]","[4, 9, 10, 11, 14, 15, 16]","[0.212, 0.126, 0.128, 0.124, 0.138, 0.118, 0.154]"
"[""person771""]",[10],[1.0]
"[""person772"", ""person772"", ""person772""]","[5, 7, 14]","[0.216, 0.018, 0.766]"
"[""person773""]",[15],[1.0]
"[""person774"", ""person774"", ""person774""]","[3, 6, 10]","[0.598, 0.264, 0.138]"
"[""person775""]",[15],[1.0]
"[""person776""]",[11],[1.0]
"[""person777""]",[10],[1.0]
"[""person778""]",[9],[1.0]
"[""person779"", ""person779""]","[5, 16]","[0.622, 0.378]"
"[""person780""]",[10],[1.0]
"[""person781"", ""person781""]","[3, 9]","[0.86, 0.14]"
"[""person782""]",[14],[1.0]
"[""person783""]",[14],[1.0]
"[""person784""]",[10],[1.0]
"[""person785""]",[16],[1.0]
"[""person786""]",[11],[1.0]
"[""person787""]",[9],[1.0]
"[""person788"", ""person788""]","[3, 9]","[0.852, 0.148]"
"[""person789""]",[5],[1.0]
"[""person790"", ""person790"", ""person790"", ""person790"", ""person790"", ""person790""]","[9, 10, 11, 14, 15, 16]","[0.126, 0.106, 0.122, 0.144, 0.122, 0.38]"
"[""person791""]",[10],[1.0]
"[""person792""]",[14],[1.0]
"[""person793""]",[9],[1.0]
"[""person794""]",[10],[1.0]
"[""person795""]",[13],[1.0]
"[""person796""]",[14],[1.0]
"[""person797""]",[14],[1.0]
"[""person798""]",[8],[1.0]
"[""person799"", ""person799""]","[12, 14]","[0.002, 0.998]"
"[""person800""]",[10],[1.0]
"[""person801""]",[9],[1.0]
"[""person802""]",[8],[1.0]
"[""person803""]",[14],[1.0]
"[""person804""]",[9],[1.0]
"[""person805"", ""person805""]","[11, 12]","[0.06, 0.94]"
"[""person806"", ""person806"", ""person806"", ""person806"", ""person806"", ""person806"", ""person806""]","[3, 9, 10, 11, 13, 14, 15]","[0.724, 0.034, 0.028, 0.044, 0.104, 0.038, 0.028]"
"[""person807""]",[9],[1.0]
"[""person808""]",[14],[1.0]
"[""person809""]",[9],[1.0]
"[""person810""]",[2],[1.0]
"[""person811""]",[14],[1.0]
"[""person812""]",[9],[1.0]
"[""person813""]",[1],[1.0]
"[""person814""]",[14],[1.0]
"[""person815""]",[11],[1.0]
"[""person816""]",[11],[1.0]
"[""person817""]",[15],[1.0]
"[""person818""]",[10],[1.0]
"[""person819""]",[10],[1.0]
"[""person820"", ""person820""]","[9, 12]","[0.042, 0.958]"
"[""person821""]",[15],[1.0]
"[""person822""]",[9],[1.0]
"[""person823""]",[9],[1.0]
"[""person824""]",[8],[1.0]
"[""person825"", ""person825"", ""person825"", ""person825"", ""person825"", ""person825""]","[3, 9, 10, 11, 14, 15]","[0.834, 0.028, 0.034, 0.028, 0.038, 0.038]"
"[""person826""]",[10],[1.0]
"[""person827""]",[5],[1.0]
"[""person828""]",[4],[1.0]
"[""person829""]",[15],[1.0]
"[""person830""]",[10],[1.0]
"[""person831""]",[11],[1.0]
"[""person832"", ""person832""]","[3, 16]","[0.86, 0.14]"
"[""person833""]",[10],[1.0]
"[""person834"", ""person834"", ""person834""]","[4, 14, 16]","[0.206, 0.626, 0.168]"
"[""person835""]",[14],[1.0]
"[""person836""]",[9],[1.0]
"[""person837""]",[9],[1.0]
"[""person838""]",[9],[1.0]
"[""person839""]",[11],[1.0]
"[""person840""]",[15],[1.0]
"[""person841""]",[10],[1.0]
"[""person842""]",[9],[1.0]
"[""person843""]",[15],[1.0]
"[""person844""]",[14],[1.0]
"[""person845""]",[10],[1.0]
"[""person846"", ""person846"", ""person846"", ""person846"", ""person846"", ""person846""]","[4, 9, 10, 11, 14, 15]","[0.202, 0.154, 0.156, 0.172, 0.152, 0.164]"
"[""person847""]",[15],[1.0]
"[""person848""]",[6],[1.0]
"[""person849"", ""person849""]","[8, 13]","[0.162, 0.838]"
"[""person850""]",[14],[1.0]
"[""person851""]",[9],[1.0]
"[""person852"", ""person852""]","[11, 12]","[0.036, 0.964]"
"[""person853""]",[10],[1.0]
"[""person854""]",[9],[1.0]
"[""person855""]",[15],[1.0]
"[""person856""]",[10],[1.0]
"[""person857"", ""person857""]","[5, 16]","[0.59, 0.41]"
"[""person858""]",[13],[1.0]
"[""person859""]",[15],[1.0]
"[""person860""]",[10],[1.0]
"[""person861""]",[1],[1.0]
"[""person862""]",[11],[1.0]
"[""person863"", ""person863""]","[1, 9]","[0.66, 0.34]"
"[""person864"", ""person864""]","[1, 11]","[0.654, 0.346]"
"[""person865""]",[9],[1.0]
"[""person866"", ""person866"", ""person866""]","[6, 10, 12]","[0.248, 0.05, 0.702]"
"[""person867""]",[15],[1.0]
"[""person868""]",[16],[1.0]
"[""person869""]",[1],[1.0]
"[""person870""]",[9],[1.0]
"[""person871""]",[14],[1.0]
"[""person872""]",[14],[1.0]
"[""person873"", ""person873""]","[6, 11]","[0.266, 0.734]"
"[""person874"", ""person874"", ""person874"", ""person874"", ""person874""]","[9, 10, 11, 14, 15]","[0.19, 0.188, 0.206, 0.22, 0.196]"
"[""person875"", ""person875""]","[1, 9]","[0.654, 0.346]"
"[""person876""]",[6],[1.0]
"[""person877""]",[10],[1.0]
"[""person878""]",[7],[1.0]
"[""person879""]",[7],[1.0]
"[""person880""]",[9],[1.0]
"[""person881""]",[10],[1.0]
"[""person882"", ""person882"", ""person882"", ""person882"", ""person882"", ""person882""]","[7, 9, 10, 11, 14, 15]","[0.126, 0.172, 0.16, 0.178, 0.196, 0.168]"
"[""person883""]",[10],[1.0]
"[""person884""]",[7],[1.0]
"[""person885""]",[9],[1.0]
"[""person886""]",[10],[1.0]
"[""person887""]",[5],[1.0]
"[""person888"", ""person888"", ""person888"", ""person888"", ""person888"", ""person888""]","[2, 9, 10, 11, 14, 15]","[0.202, 0.154, 0.154, 0.18, 0.17, 0.14]"
"[""person889"", ""person889"", ""person889""]","[2, 8, 9]","[0.214, 0.012, 0.774]"
"[""person890""]",[10],[1.0]
"[""person891""]",[14],[1.0]
"[""person892""]",[4],[1.0]
"[""person893""]",[16],[1.0]
"[""person894""]",[9],[1.0]
"[""person895"", ""person895""]","[8, 11]","[0.118, 0.882]"
"[""person896"", ""person896""]","[1, 12]","[0.998, 0.002]"
"[""person897""]",[10],[1.0]
"[""person898""]",[9],[1.0]
"[""person899""]",[14],[1.0]
"[""person900""]",[15],[1.0]
"[""person901""]",[2],[1.0]
"[""person902""]",[14],[1.0]
"[""person903""]",[14],[1.0]
"[""person904""]",[9],[1.0]
"[""person905""]",[9],[1.0]
"[""person906""]",[14],[1.0]
"[""person907""]",[10],[1.0]
"[""person908""]",[15],[1.0]
"[""person909""]",[7],[1.0]
"[""person910""]",[10],[1.0]
"[""person911""]",[10],[1.0]
"[""person912"", ""person912""]","[7, 9]","[0.098, 0.902]"
"[""person913""]",[15],[1.0]
"[""person914""]",[10],[1.0]
"[""person915""]",[2],[1.0]
"[""person916""]",[11],[1.0]
"[""person917""]",[11],[1.0]
"[""person918""]",[9],[1.0]
"[""person919""]",[11],[1.0]
"[""person920"", ""person920""]","[9, 12]","[0.062, 0.938]"
"[""person921""]",[9],[1.0]
"[""person922"", ""person922""]","[12, 15]","[0.002, 0.998]"
"[""person923""]",[9],[1.0]
"[""person924"", ""person924""]","[5, 16]","[0.22, 0.78]"
"[""person925"", ""person925""]","[6, 8]","[0.878, 0.122]"
"[""person926""]",[10],[1.0]
"[""person927"", ""person927""]","[4, 16]","[0.578, 0.422]"
"[""person928""]",[14],[1.0]
"[""person929"", ""person929""]","[13, 15]","[0.106, 0.894]"
"[""person930""]",[10],[1.0]
"[""person931""]",[15],[1.0]
"[""person932"", ""person932""]","[10, 12]","[0.05, 0.95]"
"[""person933""]",[14],[1.0]
"[""person934""]",[15],[1.0]
"[""person935""]",[11],[1.0]
"[""person936""]",[9],[1.0]
"[""person937"", ""person937""]","[2, 15]","[0.186, 0.814]"
"[""person938""]",[10],[1.0]
"[""person939""]",[11],[1.0]
"[""person940""]",[10],[1.0]
"[""person941""]",[14],[1.0]
"[""person942""]",[14],[1.0]
"[""person943"", ""person943""]","[5, 10]","[0.216, 0.784]"
"[""person944"", ""person944""]","[3, 16]","[0.85, 0.15]"
"[""person945""]",[9],[1.0]
"[""person946""]",[2],[1.0]
"[""person947"", ""person947""]","[4, 11]","[0.194, 0.806]"
"[""person948""]",[9],[1.0]
"[""person949""]",[15],[1.0]
"[""person950"", ""person950""]","[6, 16]","[0.258, 0.742]"
"[""person951""]",[15],[1.0]
"[""person952""]",[10],[1.0]
"[""person953"", ""person953""]","[4, 8]","[0.18, 0.82]"
"[""person954""]",[10],[1.0]
"[""person955""]",[15],[1.0]
"[""person956""]",[5],[1.0]
"[""person957"", ""person957""]","[2, 9]","[0.184, 0.816]"
"[""person958""]",[10],[1.0]
"[""person959""]",[9],[1.0]
"[""person960""]",[2],[1.0]
"[""person961""]",[7],[1.0]
"[""person962""]",[10],[1.0]
"[""person963""]",[4],[1.0]
"[""person964"", ""person964""]","[15, 16]","[0.624, 0.376]"
"[""person965""]",[14],[1.0]
"[""person966""]",[6],[1.0]
"[""person967""]",[2],[1.0]
"[""person968"", ""person968""]","[8, 15]","[0.124, 0.876]"
"[""person969""]",[14],[1.0]
"[""person970""]",[13],[1.0]
"[""person971""]",[10],[1.0]
"[""person972"", ""person972""]","[6, 9]","[0.274, 0.726]"
"[""person973""]",[11],[1.0]
"[""person974""]",[9],[1.0]
"[""person975""]",[15],[1.0]
"[""person976""]",[14],[1.0]
"[""person977""]",[14],[1.0]
"[""person978""]",[11],[1.0]
"[""person979""]",[9],[1.0]
"[""person980""]",[1],[1.0]
"[""person981""]",[11],[1.0]
"[""person982"", ""person982""]","[8, 11]","[0.136, 0.864]"
"[""person983"", ""person983"", ""person983""]","[2, 4, 7]","[0.782, 0.216, 0.002]"
"[""person984""]",[11],[1.0]
"[""person985"", ""person985""]","[11, 13]","[0.912, 0.088]"
"[""person986"", ""person986""]","[12, 15]","[0.002, 0.998]"
"[""person987""]",[14],[1.0]
"[""person988""]",[9],[1.0]
"[""person989"", ""person989""]","[4, 9]","[0.19, 0.81]"
"[""person990""]",[11],[1.0]
"[""person991"", ""person991"", ""person991""]","[4, 5, 11]","[0.062, 0.178, 0.76]"
"[""person992""]",[5],[1.0]
"[""person993""]",[14],[1.0]
"[""person994""]",[14],[1.0]
"[""person995""]",[8],[1.0]
"[""person996""]",[14],[1.0]
"[""person997""]",[15],[1.0]
"[""person998"", ""person998"", ""person998"", ""person998"", ""person998""]","[9, 10, 11, 14, 15]","[0.19, 0.188, 0.206, 0.22, 0.196]"
"[""person999""]",[14],[1.0]
"[""person1000""]",[9],[1.0]
