person,school_type,ps_sum
"[""person1""]","Union{Missing, String}[""type 2""]",[1.0]
"[""person2"", ""person2""]","Union{Missing, String}[""type 1"", ""type 2""]","[0.5920000000000001, 0.40800000000000003]"
"[""person3""]","Union{Missing, String}[""type 1""]",[1.0]
"[""person4""]","Union{Missing, String}[""type 2""]",[1.0]
"[""person5""]","Union{Missing, String}[""type 1""]",[1.0]
"[""person6""]","Union{Missing, String}[""type 2""]",[1.0]
"[""person7"", ""person7""]","Union{Missing, String}[""type 1"", ""type 2""]","[0.328, 0.6719999999999999]"
"[""person8""]","Union{Missing, String}[""type 1""]",[1.0]
"[""person9""]","Union{Missing, String}[""type 2""]",[1.0]
"[""person10""]","Union{Missing, String}[""type 2""]",[1.0]
"[""person11"", ""person11""]","Union{Missing, String}[""type 2"", ""type 1""]","[0.21, 0.79]"
"[""person12""]","Union{Missing, String}[""type 2""]",[1.0]
"[""person13""]","Union{Missing, String}[""type 2""]",[1.0]
"[""person14""]","Union{Missing, String}[""type 1""]",[1.0]
"[""person15""]","Union{Missing, String}[""type 1""]",[1.0]
"[""person16""]","Union{Missing, String}[""type 1""]",[1.0]
"[""person17""]","Union{Missing, String}[""type 1""]",[1.0]
"[""person18""]","Union{Missing, String}[""type 2""]",[1.0]
"[""person19""]","Union{Missing, String}[""type 1""]",[1.0]
"[""person20""]","Union{Missing, String}[""type 2""]",[1.0]
"[""person21""]","Union{Missing, String}[""type 2""]",[1.0]
"[""person22"", ""person22""]","Union{Missing, String}[""type 2"", ""type 1""]","[0.78, 0.22]"
"[""person23""]","Union{Missing, String}[""type 1""]",[1.0]
"[""person24"", ""person24""]","Union{Missing, String}[""type 2"", ""type 1""]","[0.118, 0.882]"
"[""person25""]","Union{Missing, String}[""type 1""]",[1.0]
"[""person26""]","Union{Missing, String}[""type 2""]",[1.0]
"[""person27""]","Union{Missing, String}[""type 1""]",[1.0]
"[""person28""]","Union{Missing, String}[""type 1""]",[1.0]
"[""person29""]","Union{Missing, String}[""type 2""]",[1.0]
"[""person30""]","Union{Missing, String}[""type 2""]",[1.0]
"[""person31""]","Union{Missing, String}[""type 1""]",[1.0]
"[""person32""]","Union{Missing, String}[""type 2""]",[1.0]
"[""person33"", ""person33""]","Union{Missing, String}[""type 1"", ""type 2""]","[0.996, 0.004]"
"[""person34""]","Union{Missing, String}[""type 1""]",[1.0]
"[""person35"", ""person35""]","Union{Missing, String}[""type 1"", ""type 2""]","[0.184, 0.8160000000000001]"
"[""person36"", ""person36""]","Union{Missing, String}[""type 1"", ""type 2""]","[0.824, 0.176]"
"[""person37""]","Union{Missing, String}[""type 1""]",[1.0]
"[""person38""]","Union{Missing, String}[""type 2""]",[1.0]
"[""person39"", ""person39""]","Union{Missing, String}[""type 1"", ""type 2""]","[0.68, 0.32]"
"[""person40""]","Union{Missing, String}[""type 1""]",[1.0]
"[""person41""]","Union{Missing, String}[""type 1""]",[1.0]
"[""person42""]","Union{Missing, String}[""type 1""]",[1.0]
"[""person43""]","Union{Missing, String}[""type 2""]",[1.0]
"[""person44""]","Union{Missing, String}[""type 1""]",[1.0]
"[""person45""]","Union{Missing, String}[""type 2""]",[1.0]
"[""person46""]","Union{Missing, String}[""type 2""]",[1.0]
"[""person47"", ""person47""]","Union{Missing, String}[""type 1"", ""type 2""]","[0.65, 0.35]"
"[""person48"", ""person48""]","Union{Missing, String}[""type 1"", ""type 2""]","[0.73, 0.27]"
"[""person49""]","Union{Missing, String}[""type 2""]",[1.0]
"[""person50""]","Union{Missing, String}[""type 1""]",[1.0]
"[""person51"", ""person51""]","Union{Missing, String}[""type 2"", ""type 1""]","[0.238, 0.762]"
"[""person52""]","Union{Missing, String}[""type 1""]",[1.0]
"[""person53""]","Union{Missing, String}[""type 2""]",[1.0]
"[""person54""]","Union{Missing, String}[""type 2""]",[1.0]
"[""person55""]","Union{Missing, String}[""type 1""]",[1.0]
"[""person56""]","Union{Missing, String}[""type 2""]",[1.0]
"[""person57""]","Union{Missing, String}[""type 1""]",[1.0]
"[""person58""]","Union{Missing, String}[""type 2""]",[1.0]
"[""person59"", ""person59""]","Union{Missing, String}[""type 1"", ""type 2""]","[0.998, 0.002]"
"[""person60""]","Union{Missing, String}[""type 1""]",[1.0]
"[""person61""]","Union{Missing, String}[""type 1""]",[1.0]
"[""person62""]","Union{Missing, String}[""type 1""]",[1.0]
"[""person63""]","Union{Missing, String}[""type 2""]",[1.0]
"[""person64""]","Union{Missing, String}[""type 1""]",[1.0]
"[""person65""]","Union{Missing, String}[""type 1""]",[1.0]
"[""person66""]","Union{Missing, String}[""type 1""]",[1.0]
"[""person67""]","Union{Missing, String}[""type 2""]",[1.0]
"[""person68""]","Union{Missing, String}[""type 1""]",[1.0]
"[""person69""]","Union{Missing, String}[""type 2""]",[1.0]
"[""person70""]","Union{Missing, String}[""type 1""]",[1.0]
"[""person71"", ""person71""]","Union{Missing, String}[""type 2"", ""type 1""]","[0.996, 0.004]"
"[""person72""]","Union{Missing, String}[""type 2""]",[1.0]
"[""person73""]","Union{Missing, String}[""type 1""]",[1.0]
"[""person74""]","Union{Missing, String}[""type 1""]",[1.0]
"[""person75"", ""person75""]","Union{Missing, String}[""type 1"", ""type 2""]","[0.624, 0.376]"
"[""person76""]","Union{Missing, String}[""type 1""]",[1.0]
"[""person77""]","Union{Missing, String}[""type 2""]",[1.0]
"[""person78""]","Union{Missing, String}[""type 1""]",[1.0]
"[""person79""]","Union{Missing, String}[""type 1""]",[1.0]
"[""person80"", ""person80""]","Union{Missing, String}[""type 1"", ""type 2""]","[0.5920000000000001, 0.40800000000000003]"
"[""person81""]","Union{Missing, String}[""type 2""]",[1.0]
"[""person82"", ""person82""]","Union{Missing, String}[""type 1"", ""type 2""]","[0.998, 0.002]"
"[""person83""]","Union{Missing, String}[""type 2""]",[1.0]
"[""person84""]","Union{Missing, String}[""type 2""]",[1.0]
"[""person85""]","Union{Missing, String}[""type 1""]",[1.0]
"[""person86""]","Union{Missing, String}[""type 2""]",[1.0]
"[""person87""]","Union{Missing, String}[""type 1""]",[1.0]
"[""person88""]","Union{Missing, String}[""type 1""]",[1.0]
"[""person89""]","Union{Missing, String}[""type 1""]",[1.0]
"[""person90""]","Union{Missing, String}[""type 2""]",[1.0]
"[""person91""]","Union{Missing, String}[""type 1""]",[1.0]
"[""person92""]","Union{Missing, String}[""type 1""]",[1.0]
"[""person93""]","Union{Missing, String}[""type 1""]",[1.0]
"[""person94""]","Union{Missing, String}[""type 1""]",[1.0]
"[""person95""]","Union{Missing, String}[""type 1""]",[1.0]
"[""person96""]","Union{Missing, String}[""type 1""]",[1.0]
"[""person97""]","Union{Missing, String}[""type 2""]",[1.0]
"[""person98""]","Union{Missing, String}[""type 2""]",[1.0]
"[""person99""]","Union{Missing, String}[""type 1""]",[1.0]
"[""person100""]","Union{Missing, String}[""type 2""]",[1.0]
"[""person101""]","Union{Missing, String}[""type 1""]",[1.0]
"[""person102""]","Union{Missing, String}[""type 1""]",[1.0]
"[""person103""]","Union{Missing, String}[""type 1""]",[1.0]
"[""person104""]","Union{Missing, String}[""type 1""]",[1.0]
"[""person105""]","Union{Missing, String}[""type 1""]",[1.0]
"[""person106""]","Union{Missing, String}[""type 1""]",[1.0]
"[""person107""]","Union{Missing, String}[""type 2""]",[1.0]
"[""person108""]","Union{Missing, String}[""type 1""]",[1.0]
"[""person109""]","Union{Missing, String}[""type 2""]",[1.0]
"[""person110""]","Union{Missing, String}[""type 1""]",[1.0]
"[""person111""]","Union{Missing, String}[""type 1""]",[1.0]
"[""person112"", ""person112""]","Union{Missing, String}[""type 1"", ""type 2""]","[0.646, 0.354]"
"[""person113""]","Union{Missing, String}[""type 1""]",[1.0]
"[""person114""]","Union{Missing, String}[""type 2""]",[1.0]
"[""person115""]","Union{Missing, String}[""type 1""]",[1.0]
"[""person116""]","Union{Missing, String}[""type 2""]",[1.0]
"[""person117""]","Union{Missing, String}[""type 2""]",[1.0]
"[""person118""]","Union{Missing, String}[""type 1""]",[1.0]
"[""person119""]","Union{Missing, String}[""type 2""]",[1.0]
"[""person120"", ""person120""]","Union{Missing, String}[""type 1"", ""type 2""]","[0.5920000000000001, 0.40800000000000003]"
"[""person121""]","Union{Missing, String}[""type 2""]",[1.0]
"[""person122""]","Union{Missing, String}[""type 2""]",[1.0]
"[""person123""]","Union{Missing, String}[""type 1""]",[1.0]
"[""person124"", ""person124""]","Union{Missing, String}[""type 1"", ""type 2""]","[0.094, 0.906]"
"[""person125"", ""person125""]","Union{Missing, String}[""type 2"", ""type 1""]","[0.158, 0.842]"
"[""person126""]","Union{Missing, String}[""type 1""]",[1.0]
"[""person127""]","Union{Missing, String}[""type 2""]",[1.0]
"[""person128"", ""person128""]","Union{Missing, String}[""type 1"", ""type 2""]","[0.644, 0.356]"
"[""person129"", ""person129""]","Union{Missing, String}[""type 1"", ""type 2""]","[0.05, 0.9500000000000001]"
"[""person130""]","Union{Missing, String}[""type 1""]",[1.0]
"[""person131""]","Union{Missing, String}[""type 2""]",[1.0]
"[""person132"", ""person132""]","Union{Missing, String}[""type 1"", ""type 2""]","[0.84, 0.16]"
"[""person133""]","Union{Missing, String}[""type 1""]",[1.0]
"[""person134""]","Union{Missing, String}[""type 1""]",[1.0]
"[""person135""]","Union{Missing, String}[""type 1""]",[1.0]
"[""person136""]","Union{Missing, String}[""type 1""]",[1.0]
"[""person137"", ""person137""]","Union{Missing, String}[""type 2"", ""type 1""]","[0.954, 0.046]"
"[""person138""]","Union{Missing, String}[""type 2""]",[1.0]
"[""person139""]","Union{Missing, String}[""type 2""]",[1.0]
"[""person140""]","Union{Missing, String}[""type 2""]",[1.0]
"[""person141""]","Union{Missing, String}[""type 1""]",[1.0]
"[""person142"", ""person142""]","Union{Missing, String}[""type 2"", ""type 1""]","[0.932, 0.068]"
"[""person143""]","Union{Missing, String}[""type 2""]",[1.0]
"[""person144""]","Union{Missing, String}[""type 2""]",[1.0]
"[""person145""]","Union{Missing, String}[""type 1""]",[1.0]
"[""person146""]","Union{Missing, String}[""type 1""]",[1.0]
"[""person147""]","Union{Missing, String}[""type 1""]",[1.0]
"[""person148""]","Union{Missing, String}[""type 2""]",[1.0]
"[""person149"", ""person149""]","Union{Missing, String}[""type 1"", ""type 2""]","[0.998, 0.002]"
"[""person150""]","Union{Missing, String}[""type 1""]",[1.0]
"[""person151""]","Union{Missing, String}[""type 1""]",[1.0]
"[""person152""]","Union{Missing, String}[""type 2""]",[1.0]
"[""person153""]","Union{Missing, String}[""type 2""]",[1.0]
"[""person154""]","Union{Missing, String}[""type 2""]",[1.0]
"[""person155""]","Union{Missing, String}[""type 2""]",[1.0]
"[""person156""]","Union{Missing, String}[""type 2""]",[1.0]
"[""person157""]","Union{Missing, String}[""type 2""]",[1.0]
"[""person158""]","Union{Missing, String}[""type 2""]",[1.0]
"[""person159""]","Union{Missing, String}[""type 1""]",[1.0]
"[""person160""]","Union{Missing, String}[""type 1""]",[1.0]
"[""person161""]","Union{Missing, String}[""type 2""]",[1.0]
"[""person162""]","Union{Missing, String}[""type 1""]",[1.0]
"[""person163""]","Union{Missing, String}[""type 1""]",[1.0]
"[""person164"", ""person164""]","Union{Missing, String}[""type 1"", ""type 2""]","[0.614, 0.386]"
"[""person165""]","Union{Missing, String}[""type 2""]",[1.0]
"[""person166""]","Union{Missing, String}[""type 1""]",[1.0]
"[""person167""]","Union{Missing, String}[""type 1""]",[1.0]
"[""person168""]","Union{Missing, String}[""type 1""]",[1.0]
"[""person169""]","Union{Missing, String}[""type 1""]",[1.0]
"[""person170""]","Union{Missing, String}[""type 1""]",[1.0]
"[""person171""]","Union{Missing, String}[""type 1""]",[1.0]
"[""person172"", ""person172""]","Union{Missing, String}[""type 1"", ""type 2""]","[0.866, 0.134]"
"[""person173""]","Union{Missing, String}[""type 2""]",[1.0]
"[""person174"", ""person174""]","Union{Missing, String}[""type 1"", ""type 2""]","[0.056, 0.944]"
"[""person175""]","Union{Missing, String}[""type 1""]",[1.0]
"[""person176"", ""person176""]","Union{Missing, String}[""type 2"", ""type 1""]","[0.492, 0.508]"
"[""person177""]","Union{Missing, String}[""type 1""]",[1.0]
"[""person178""]","Union{Missing, String}[""type 2""]",[1.0]
"[""person179""]","Union{Missing, String}[""type 2""]",[1.0]
"[""person180""]","Union{Missing, String}[""type 1""]",[1.0]
"[""person181"", ""person181""]","Union{Missing, String}[""type 1"", ""type 2""]","[0.02, 0.98]"
"[""person182""]","Union{Missing, String}[""type 2""]",[1.0]
"[""person183""]","Union{Missing, String}[""type 1""]",[1.0]
"[""person184"", ""person184""]","Union{Missing, String}[""type 1"", ""type 2""]","[0.5920000000000001, 0.40800000000000003]"
"[""person185""]","Union{Missing, String}[""type 1""]",[1.0]
"[""person186""]","Union{Missing, String}[""type 1""]",[1.0]
"[""person187""]","Union{Missing, String}[""type 2""]",[1.0]
"[""person188""]","Union{Missing, String}[""type 2""]",[1.0]
"[""person189"", ""person189""]","Union{Missing, String}[""type 2"", ""type 1""]","[0.132, 0.868]"
"[""person190""]","Union{Missing, String}[""type 1""]",[1.0]
"[""person191""]","Union{Missing, String}[""type 1""]",[1.0]
"[""person192"", ""person192""]","Union{Missing, String}[""type 2"", ""type 1""]","[0.224, 0.776]"
"[""person193""]","Union{Missing, String}[""type 1""]",[1.0]
"[""person194""]","Union{Missing, String}[""type 1""]",[1.0]
"[""person195""]","Union{Missing, String}[""type 2""]",[1.0]
"[""person196""]","Union{Missing, String}[""type 1""]",[1.0]
"[""person197""]","Union{Missing, String}[""type 1""]",[1.0]
"[""person198""]","Union{Missing, String}[""type 1""]",[1.0]
"[""person199"", ""person199""]","Union{Missing, String}[""type 1"", ""type 2""]","[0.288, 0.712]"
"[""person200""]","Union{Missing, String}[""type 2""]",[1.0]
"[""person201""]","Union{Missing, String}[""type 1""]",[1.0]
"[""person202"", ""person202""]","Union{Missing, String}[""type 1"", ""type 2""]","[0.5920000000000001, 0.40800000000000003]"
"[""person203""]","Union{Missing, String}[""type 2""]",[1.0]
"[""person204""]","Union{Missing, String}[""type 2""]",[1.0]
"[""person205""]","Union{Missing, String}[""type 1""]",[1.0]
"[""person206""]","Union{Missing, String}[""type 2""]",[1.0]
"[""person207""]","Union{Missing, String}[""type 1""]",[1.0]
"[""person208""]","Union{Missing, String}[""type 2""]",[1.0]
"[""person209""]","Union{Missing, String}[""type 1""]",[1.0]
"[""person210"", ""person210""]","Union{Missing, String}[""type 1"", ""type 2""]","[0.628, 0.372]"
"[""person211""]","Union{Missing, String}[""type 1""]",[1.0]
"[""person212""]","Union{Missing, String}[""type 2""]",[1.0]
"[""person213""]","Union{Missing, String}[""type 2""]",[1.0]
"[""person214"", ""person214""]","Union{Missing, String}[""type 2"", ""type 1""]","[0.184, 0.816]"
"[""person215""]","Union{Missing, String}[""type 2""]",[1.0]
"[""person216""]","Union{Missing, String}[""type 1""]",[1.0]
"[""person217""]","Union{Missing, String}[""type 2""]",[1.0]
"[""person218""]","Union{Missing, String}[""type 1""]",[1.0]
"[""person219""]","Union{Missing, String}[""type 2""]",[1.0]
"[""person220""]","Union{Missing, String}[""type 1""]",[1.0]
"[""person221""]","Union{Missing, String}[""type 1""]",[1.0]
"[""person222"", ""person222""]","Union{Missing, String}[""type 1"", ""type 2""]","[0.832, 0.168]"
"[""person223""]","Union{Missing, String}[""type 1""]",[1.0]
"[""person224""]","Union{Missing, String}[""type 2""]",[1.0]
"[""person225""]","Union{Missing, String}[""type 1""]",[1.0]
"[""person226""]","Union{Missing, String}[""type 1""]",[1.0]
"[""person227""]","Union{Missing, String}[""type 1""]",[1.0]
"[""person228"", ""person228""]","Union{Missing, String}[""type 1"", ""type 2""]","[0.392, 0.608]"
"[""person229""]","Union{Missing, String}[""type 2""]",[1.0]
"[""person230""]","Union{Missing, String}[""type 2""]",[1.0]
"[""person231""]","Union{Missing, String}[""type 2""]",[1.0]
"[""person232""]","Union{Missing, String}[""type 2""]",[1.0]
"[""person233""]","Union{Missing, String}[""type 1""]",[1.0]
"[""person234""]","Union{Missing, String}[""type 1""]",[1.0]
"[""person235""]","Union{Missing, String}[""type 2""]",[1.0]
"[""person236""]","Union{Missing, String}[""type 1""]",[1.0]
"[""person237""]","Union{Missing, String}[""type 1""]",[1.0]
"[""person238""]","Union{Missing, String}[""type 2""]",[1.0]
"[""person239""]","Union{Missing, String}[""type 2""]",[1.0]
"[""person240""]","Union{Missing, String}[""type 1""]",[1.0]
"[""person241""]","Union{Missing, String}[""type 1""]",[1.0]
"[""person242""]","Union{Missing, String}[""type 2""]",[1.0]
"[""person243""]","Union{Missing, String}[""type 1""]",[1.0]
"[""person244""]","Union{Missing, String}[""type 2""]",[1.0]
"[""person245""]","Union{Missing, String}[""type 1""]",[1.0]
"[""person246"", ""person246""]","Union{Missing, String}[""type 1"", ""type 2""]","[0.9179999999999999, 0.082]"
"[""person247""]","Union{Missing, String}[""type 1""]",[1.0]
"[""person248""]","Union{Missing, String}[""type 1""]",[1.0]
"[""person249""]","Union{Missing, String}[""type 2""]",[1.0]
"[""person250""]","Union{Missing, String}[""type 2""]",[1.0]
"[""person251""]","Union{Missing, String}[""type 2""]",[1.0]
"[""person252""]","Union{Missing, String}[""type 2""]",[1.0]
"[""person253""]","Union{Missing, String}[""type 1""]",[1.0]
"[""person254""]","Union{Missing, String}[""type 2""]",[1.0]
"[""person255""]","Union{Missing, String}[""type 1""]",[1.0]
"[""person256""]","Union{Missing, String}[""type 1""]",[1.0]
"[""person257""]","Union{Missing, String}[""type 2""]",[1.0]
"[""person258""]","Union{Missing, String}[""type 2""]",[1.0]
"[""person259""]","Union{Missing, String}[""type 2""]",[1.0]
"[""person260""]","Union{Missing, String}[""type 2""]",[1.0]
"[""person261""]","Union{Missing, String}[""type 1""]",[1.0]
"[""person262""]","Union{Missing, String}[""type 1""]",[1.0]
"[""person263""]","Union{Missing, String}[""type 2""]",[1.0]
"[""person264""]","Union{Missing, String}[""type 1""]",[1.0]
"[""person265""]","Union{Missing, String}[""type 1""]",[1.0]
"[""person266"", ""person266""]","Union{Missing, String}[""type 2"", ""type 1""]","[0.9, 0.1]"
"[""person267""]","Union{Missing, String}[""type 1""]",[1.0]
"[""person268""]","Union{Missing, String}[""type 1""]",[1.0]
"[""person269""]","Union{Missing, String}[""type 2""]",[1.0]
"[""person270""]","Union{Missing, String}[""type 2""]",[1.0]
"[""person271""]","Union{Missing, String}[""type 2""]",[1.0]
"[""person272""]","Union{Missing, String}[""type 1""]",[1.0]
"[""person273"", ""person273""]","Union{Missing, String}[""type 1"", ""type 2""]","[0.614, 0.386]"
"[""person274""]","Union{Missing, String}[""type 2""]",[1.0]
"[""person275""]","Union{Missing, String}[""type 2""]",[1.0]
"[""person276""]","Union{Missing, String}[""type 2""]",[1.0]
"[""person277""]","Union{Missing, String}[""type 1""]",[1.0]
"[""person278""]","Union{Missing, String}[""type 1""]",[1.0]
"[""person279""]","Union{Missing, String}[""type 2""]",[1.0]
"[""person280"", ""person280""]","Union{Missing, String}[""type 1"", ""type 2""]","[0.06, 0.94]"
"[""person281"", ""person281""]","Union{Missing, String}[""type 1"", ""type 2""]","[0.654, 0.346]"
"[""person282""]","Union{Missing, String}[""type 2""]",[1.0]
"[""person283""]","Union{Missing, String}[""type 2""]",[1.0]
"[""person284""]","Union{Missing, String}[""type 2""]",[1.0]
"[""person285""]","Union{Missing, String}[""type 1""]",[1.0]
"[""person286"", ""person286""]","Union{Missing, String}[""type 2"", ""type 1""]","[0.664, 0.336]"
"[""person287"", ""person287""]","Union{Missing, String}[""type 1"", ""type 2""]","[0.64, 0.36]"
"[""person288"", ""person288""]","Union{Missing, String}[""type 1"", ""type 2""]","[0.66, 0.34]"
"[""person289""]","Union{Missing, String}[""type 1""]",[1.0]
"[""person290"", ""person290""]","Union{Missing, String}[""type 2"", ""type 1""]","[0.22, 0.78]"
"[""person291""]","Union{Missing, String}[""type 1""]",[1.0]
"[""person292""]","Union{Missing, String}[""type 2""]",[1.0]
"[""person293""]","Union{Missing, String}[""type 2""]",[1.0]
"[""person294""]","Union{Missing, String}[""type 1""]",[1.0]
"[""person295""]","Union{Missing, String}[""type 1""]",[1.0]
"[""person296""]","Union{Missing, String}[""type 2""]",[1.0]
"[""person297"", ""person297""]","Union{Missing, String}[""type 1"", ""type 2""]","[0.83, 0.17]"
"[""person298""]","Union{Missing, String}[""type 1""]",[1.0]
"[""person299""]","Union{Missing, String}[""type 2""]",[1.0]
"[""person300""]","Union{Missing, String}[""type 1""]",[1.0]
"[""person301""]","Union{Missing, String}[""type 2""]",[1.0]
"[""person302""]","Union{Missing, String}[""type 1""]",[1.0]
"[""person303""]","Union{Missing, String}[""type 1""]",[1.0]
"[""person304""]","Union{Missing, String}[""type 1""]",[1.0]
"[""person305""]","Union{Missing, String}[""type 2""]",[1.0]
"[""person306""]","Union{Missing, String}[""type 2""]",[1.0]
"[""person307""]","Union{Missing, String}[""type 2""]",[1.0]
"[""person308""]","Union{Missing, String}[""type 1""]",[1.0]
"[""person309""]","Union{Missing, String}[""type 1""]",[1.0]
"[""person310""]","Union{Missing, String}[""type 2""]",[1.0]
"[""person311""]","Union{Missing, String}[""type 1""]",[1.0]
"[""person312""]","Union{Missing, String}[""type 2""]",[1.0]
"[""person313""]","Union{Missing, String}[""type 2""]",[1.0]
"[""person314""]","Union{Missing, String}[""type 2""]",[1.0]
"[""person315"", ""person315""]","Union{Missing, String}[""type 1"", ""type 2""]","[0.030000000000000002, 0.97]"
"[""person316""]","Union{Missing, String}[""type 1""]",[1.0]
"[""person317""]","Union{Missing, String}[""type 1""]",[1.0]
"[""person318""]","Union{Missing, String}[""type 1""]",[1.0]
"[""person319""]","Union{Missing, String}[""type 2""]",[1.0]
"[""person320""]","Union{Missing, String}[""type 2""]",[1.0]
"[""person321""]","Union{Missing, String}[""type 2""]",[1.0]
"[""person322""]","Union{Missing, String}[""type 2""]",[1.0]
"[""person323""]","Union{Missing, String}[""type 2""]",[1.0]
"[""person324""]","Union{Missing, String}[""type 2""]",[1.0]
"[""person325""]","Union{Missing, String}[""type 1""]",[1.0]
"[""person326""]","Union{Missing, String}[""type 1""]",[1.0]
"[""person327""]","Union{Missing, String}[""type 1""]",[1.0]
"[""person328""]","Union{Missing, String}[""type 2""]",[1.0]
"[""person329""]","Union{Missing, String}[""type 2""]",[1.0]
"[""person330""]","Union{Missing, String}[""type 1""]",[1.0]
"[""person331""]","Union{Missing, String}[""type 2""]",[1.0]
"[""person332""]","Union{Missing, String}[""type 1""]",[1.0]
"[""person333""]","Union{Missing, String}[""type 1""]",[1.0]
"[""person334""]","Union{Missing, String}[""type 2""]",[1.0]
"[""person335""]","Union{Missing, String}[""type 2""]",[1.0]
"[""person336""]","Union{Missing, String}[""type 2""]",[1.0]
"[""person337""]","Union{Missing, String}[""type 1""]",[1.0]
"[""person338""]","Union{Missing, String}[""type 2""]",[1.0]
"[""person339""]","Union{Missing, String}[""type 1""]",[1.0]
"[""person340""]","Union{Missing, String}[""type 2""]",[1.0]
"[""person341""]","Union{Missing, String}[""type 1""]",[1.0]
"[""person342""]","Union{Missing, String}[""type 2""]",[1.0]
"[""person343""]","Union{Missing, String}[""type 1""]",[1.0]
"[""person344""]","Union{Missing, String}[""type 2""]",[1.0]
"[""person345""]","Union{Missing, String}[""type 1""]",[1.0]
"[""person346""]","Union{Missing, String}[""type 1""]",[1.0]
"[""person347""]","Union{Missing, String}[""type 1""]",[1.0]
"[""person348""]","Union{Missing, String}[""type 1""]",[1.0]
"[""person349""]","Union{Missing, String}[""type 1""]",[1.0]
"[""person350""]","Union{Missing, String}[""type 1""]",[1.0]
"[""person351""]","Union{Missing, String}[""type 1""]",[1.0]
"[""person352""]","Union{Missing, String}[""type 2""]",[1.0]
"[""person353"", ""person353""]","Union{Missing, String}[""type 1"", ""type 2""]","[0.654, 0.346]"
"[""person354""]","Union{Missing, String}[""type 1""]",[1.0]
"[""person355""]","Union{Missing, String}[""type 1""]",[1.0]
"[""person356""]","Union{Missing, String}[""type 1""]",[1.0]
"[""person357""]","Union{Missing, String}[""type 1""]",[1.0]
"[""person358""]","Union{Missing, String}[""type 1""]",[1.0]
"[""person359""]","Union{Missing, String}[""type 2""]",[1.0]
"[""person360""]","Union{Missing, String}[""type 1""]",[1.0]
"[""person361""]","Union{Missing, String}[""type 2""]",[1.0]
"[""person362""]","Union{Missing, String}[""type 2""]",[1.0]
"[""person363""]","Union{Missing, String}[""type 1""]",[1.0]
"[""person364""]","Union{Missing, String}[""type 2""]",[1.0]
"[""person365""]","Union{Missing, String}[""type 2""]",[1.0]
"[""person366"", ""person366""]","Union{Missing, String}[""type 1"", ""type 2""]","[0.482, 0.518]"
"[""person367""]","Union{Missing, String}[""type 2""]",[1.0]
"[""person368""]","Union{Missing, String}[""type 1""]",[1.0]
"[""person369""]","Union{Missing, String}[""type 1""]",[1.0]
"[""person370""]","Union{Missing, String}[""type 1""]",[1.0]
"[""person371""]","Union{Missing, String}[""type 1""]",[1.0]
"[""person372""]","Union{Missing, String}[""type 1""]",[1.0]
"[""person373""]","Union{Missing, String}[""type 1""]",[1.0]
"[""person374""]","Union{Missing, String}[""type 1""]",[1.0]
"[""person375""]","Union{Missing, String}[""type 1""]",[1.0]
"[""person376"", ""person376""]","Union{Missing, String}[""type 1"", ""type 2""]","[0.844, 0.156]"
"[""person377"", ""person377""]","Union{Missing, String}[""type 2"", ""type 1""]","[0.91, 0.09]"
"[""person378""]","Union{Missing, String}[""type 1""]",[1.0]
"[""person379""]","Union{Missing, String}[""type 2""]",[1.0]
"[""person380""]","Union{Missing, String}[""type 2""]",[1.0]
"[""person381""]","Union{Missing, String}[""type 2""]",[1.0]
"[""person382""]","Union{Missing, String}[""type 2""]",[1.0]
"[""person383""]","Union{Missing, String}[""type 2""]",[1.0]
"[""person384""]","Union{Missing, String}[""type 1""]",[1.0]
"[""person385""]","Union{Missing, String}[""type 1""]",[1.0]
"[""person386"", ""person386""]","Union{Missing, String}[""type 2"", ""type 1""]","[0.218, 0.782]"
"[""person387""]","Union{Missing, String}[""type 2""]",[1.0]
"[""person388"", ""person388""]","Union{Missing, String}[""type 2"", ""type 1""]","[0.196, 0.804]"
"[""person389""]","Union{Missing, String}[""type 2""]",[1.0]
"[""person390""]","Union{Missing, String}[""type 2""]",[1.0]
"[""person391""]","Union{Missing, String}[""type 2""]",[1.0]
"[""person392""]","Union{Missing, String}[""type 1""]",[1.0]
"[""person393""]","Union{Missing, String}[""type 1""]",[1.0]
"[""person394""]","Union{Missing, String}[""type 2""]",[1.0]
"[""person395""]","Union{Missing, String}[""type 2""]",[1.0]
"[""person396""]","Union{Missing, String}[""type 2""]",[1.0]
"[""person397"", ""person397""]","Union{Missing, String}[""type 1"", ""type 2""]","[0.612, 0.388]"
"[""person398""]","Union{Missing, String}[""type 1""]",[1.0]
"[""person399""]","Union{Missing, String}[""type 1""]",[1.0]
"[""person400""]","Union{Missing, String}[""type 2""]",[1.0]
"[""person401"", ""person401""]","Union{Missing, String}[""type 1"", ""type 2""]","[0.664, 0.33599999999999997]"
"[""person402""]","Union{Missing, String}[""type 2""]",[1.0]
"[""person403""]","Union{Missing, String}[""type 1""]",[1.0]
"[""person404""]","Union{Missing, String}[""type 2""]",[1.0]
"[""person405""]","Union{Missing, String}[""type 2""]",[1.0]
"[""person406""]","Union{Missing, String}[""type 1""]",[1.0]
"[""person407"", ""person407""]","Union{Missing, String}[""type 1"", ""type 2""]","[0.998, 0.002]"
"[""person408""]","Union{Missing, String}[""type 2""]",[1.0]
"[""person409""]","Union{Missing, String}[""type 2""]",[1.0]
"[""person410""]","Union{Missing, String}[""type 1""]",[1.0]
"[""person411""]","Union{Missing, String}[""type 2""]",[1.0]
"[""person412""]","Union{Missing, String}[""type 2""]",[1.0]
"[""person413""]","Union{Missing, String}[""type 1""]",[1.0]
"[""person414""]","Union{Missing, String}[""type 2""]",[1.0]
"[""person415""]","Union{Missing, String}[""type 1""]",[1.0]
"[""person416""]","Union{Missing, String}[""type 1""]",[1.0]
"[""person417""]","Union{Missing, String}[""type 2""]",[1.0]
"[""person418""]","Union{Missing, String}[""type 1""]",[1.0]
"[""person419"", ""person419""]","Union{Missing, String}[""type 1"", ""type 2""]","[0.5920000000000001, 0.40800000000000003]"
"[""person420""]","Union{Missing, String}[""type 1""]",[1.0]
"[""person421""]","Union{Missing, String}[""type 2""]",[1.0]
"[""person422""]","Union{Missing, String}[""type 1""]",[1.0]
"[""person423"", ""person423""]","Union{Missing, String}[""type 2"", ""type 1""]","[0.166, 0.834]"
"[""person424""]","Union{Missing, String}[""type 2""]",[1.0]
"[""person425""]","Union{Missing, String}[""type 1""]",[1.0]
"[""person426""]","Union{Missing, String}[""type 2""]",[1.0]
"[""person427""]","Union{Missing, String}[""type 2""]",[1.0]
"[""person428""]","Union{Missing, String}[""type 2""]",[1.0]
"[""person429""]","Union{Missing, String}[""type 2""]",[1.0]
"[""person430"", ""person430""]","Union{Missing, String}[""type 2"", ""type 1""]","[0.934, 0.066]"
"[""person431""]","Union{Missing, String}[""type 1""]",[1.0]
"[""person432"", ""person432""]","Union{Missing, String}[""type 1"", ""type 2""]","[0.068, 0.932]"
"[""person433""]","Union{Missing, String}[""type 1""]",[1.0]
"[""person434""]","Union{Missing, String}[""type 1""]",[1.0]
"[""person435"", ""person435""]","Union{Missing, String}[""type 2"", ""type 1""]","[0.238, 0.762]"
"[""person436""]","Union{Missing, String}[""type 2""]",[1.0]
"[""person437""]","Union{Missing, String}[""type 1""]",[1.0]
"[""person438""]","Union{Missing, String}[""type 2""]",[1.0]
"[""person439""]","Union{Missing, String}[""type 1""]",[1.0]
"[""person440""]","Union{Missing, String}[""type 1""]",[1.0]
"[""person441"", ""person441""]","Union{Missing, String}[""type 1"", ""type 2""]","[0.034, 0.966]"
"[""person442""]","Union{Missing, String}[""type 1""]",[1.0]
"[""person443""]","Union{Missing, String}[""type 1""]",[1.0]
"[""person444"", ""person444""]","Union{Missing, String}[""type 2"", ""type 1""]","[0.274, 0.726]"
"[""person445""]","Union{Missing, String}[""type 2""]",[1.0]
"[""person446""]","Union{Missing, String}[""type 2""]",[1.0]
"[""person447""]","Union{Missing, String}[""type 1""]",[1.0]
"[""person448""]","Union{Missing, String}[""type 2""]",[1.0]
"[""person449""]","Union{Missing, String}[""type 2""]",[1.0]
"[""person450""]","Union{Missing, String}[""type 2""]",[1.0]
"[""person451""]","Union{Missing, String}[""type 2""]",[1.0]
"[""person452""]","Union{Missing, String}[""type 1""]",[1.0]
"[""person453""]","Union{Missing, String}[""type 1""]",[1.0]
"[""person454"", ""person454""]","Union{Missing, String}[""type 1"", ""type 2""]","[0.842, 0.158]"
"[""person455""]","Union{Missing, String}[""type 1""]",[1.0]
"[""person456""]","Union{Missing, String}[""type 2""]",[1.0]
"[""person457""]","Union{Missing, String}[""type 1""]",[1.0]
"[""person458""]","Union{Missing, String}[""type 2""]",[1.0]
"[""person459""]","Union{Missing, String}[""type 1""]",[1.0]
"[""person460""]","Union{Missing, String}[""type 2""]",[1.0]
"[""person461""]","Union{Missing, String}[""type 2""]",[1.0]
"[""person462""]","Union{Missing, String}[""type 2""]",[1.0]
"[""person463"", ""person463""]","Union{Missing, String}[""type 1"", ""type 2""]","[0.8599999999999999, 0.13999999999999999]"
"[""person464""]","Union{Missing, String}[""type 1""]",[1.0]
"[""person465"", ""person465""]","Union{Missing, String}[""type 1"", ""type 2""]","[0.11, 0.89]"
"[""person466""]","Union{Missing, String}[""type 1""]",[1.0]
"[""person467""]","Union{Missing, String}[""type 1""]",[1.0]
"[""person468""]","Union{Missing, String}[""type 1""]",[1.0]
"[""person469""]","Union{Missing, String}[""type 1""]",[1.0]
"[""person470""]","Union{Missing, String}[""type 2""]",[1.0]
"[""person471""]","Union{Missing, String}[""type 2""]",[1.0]
"[""person472""]","Union{Missing, String}[""type 2""]",[1.0]
"[""person473""]","Union{Missing, String}[""type 2""]",[1.0]
"[""person474""]","Union{Missing, String}[""type 2""]",[1.0]
"[""person475"", ""person475""]","Union{Missing, String}[""type 1"", ""type 2""]","[0.214, 0.786]"
"[""person476""]","Union{Missing, String}[""type 1""]",[1.0]
"[""person477"", ""person477""]","Union{Missing, String}[""type 2"", ""type 1""]","[0.296, 0.704]"
"[""person478""]","Union{Missing, String}[""type 2""]",[1.0]
"[""person479""]","Union{Missing, String}[""type 1""]",[1.0]
"[""person480""]","Union{Missing, String}[""type 1""]",[1.0]
"[""person481""]","Union{Missing, String}[""type 1""]",[1.0]
"[""person482""]","Union{Missing, String}[""type 2""]",[1.0]
"[""person483""]","Union{Missing, String}[""type 1""]",[1.0]
"[""person484"", ""person484""]","Union{Missing, String}[""type 1"", ""type 2""]","[0.088, 0.912]"
"[""person485""]","Union{Missing, String}[""type 2""]",[1.0]
"[""person486""]","Union{Missing, String}[""type 1""]",[1.0]
"[""person487""]","Union{Missing, String}[""type 1""]",[1.0]
"[""person488""]","Union{Missing, String}[""type 1""]",[1.0]
"[""person489""]","Union{Missing, String}[""type 1""]",[1.0]
"[""person490""]","Union{Missing, String}[""type 1""]",[1.0]
"[""person491""]","Union{Missing, String}[""type 2""]",[1.0]
"[""person492""]","Union{Missing, String}[""type 2""]",[1.0]
"[""person493""]","Union{Missing, String}[""type 2""]",[1.0]
"[""person494"", ""person494""]","Union{Missing, String}[""type 2"", ""type 1""]","[0.512, 0.488]"
"[""person495"", ""person495""]","Union{Missing, String}[""type 1"", ""type 2""]","[0.62, 0.38]"
"[""person496""]","Union{Missing, String}[""type 1""]",[1.0]
"[""person497""]","Union{Missing, String}[""type 1""]",[1.0]
"[""person498""]","Union{Missing, String}[""type 1""]",[1.0]
"[""person499""]","Union{Missing, String}[""type 2""]",[1.0]
"[""person500""]","Union{Missing, String}[""type 1""]",[1.0]
"[""person501""]","Union{Missing, String}[""type 2""]",[1.0]
"[""person502"", ""person502""]","Union{Missing, String}[""type 1"", ""type 2""]","[0.892, 0.108]"
"[""person503""]","Union{Missing, String}[""type 1""]",[1.0]
"[""person504"", ""person504""]","Union{Missing, String}[""type 1"", ""type 2""]","[0.5920000000000001, 0.40800000000000003]"
"[""person505""]","Union{Missing, String}[""type 2""]",[1.0]
"[""person506""]","Union{Missing, String}[""type 2""]",[1.0]
"[""person507"", ""person507""]","Union{Missing, String}[""type 1"", ""type 2""]","[0.92, 0.08]"
"[""person508""]","Union{Missing, String}[""type 2""]",[1.0]
"[""person509""]","Union{Missing, String}[""type 1""]",[1.0]
"[""person510""]","Union{Missing, String}[""type 2""]",[1.0]
"[""person511""]","Union{Missing, String}[""type 1""]",[1.0]
"[""person512""]","Union{Missing, String}[""type 1""]",[1.0]
"[""person513""]","Union{Missing, String}[""type 1""]",[1.0]
"[""person514""]","Union{Missing, String}[""type 2""]",[1.0]
"[""person515"", ""person515""]","Union{Missing, String}[""type 1"", ""type 2""]","[0.108, 0.892]"
"[""person516""]","Union{Missing, String}[""type 2""]",[1.0]
"[""person517""]","Union{Missing, String}[""type 1""]",[1.0]
"[""person518""]","Union{Missing, String}[""type 2""]",[1.0]
"[""person519"", ""person519""]","Union{Missing, String}[""type 2"", ""type 1""]","[0.484, 0.516]"
"[""person520""]","Union{Missing, String}[""type 2""]",[1.0]
"[""person521"", ""person521""]","Union{Missing, String}[""type 1"", ""type 2""]","[0.5920000000000001, 0.40800000000000003]"
"[""person522""]","Union{Missing, String}[""type 2""]",[1.0]
"[""person523""]","Union{Missing, String}[""type 1""]",[1.0]
"[""person524""]","Union{Missing, String}[""type 2""]",[1.0]
"[""person525""]","Union{Missing, String}[""type 1""]",[1.0]
"[""person526"", ""person526""]","Union{Missing, String}[""type 2"", ""type 1""]","[0.202, 0.798]"
"[""person527""]","Union{Missing, String}[""type 1""]",[1.0]
"[""person528""]","Union{Missing, String}[""type 1""]",[1.0]
"[""person529"", ""person529""]","Union{Missing, String}[""type 1"", ""type 2""]","[0.86, 0.14]"
"[""person530"", ""person530""]","Union{Missing, String}[""type 2"", ""type 1""]","[0.36, 0.64]"
"[""person531""]","Union{Missing, String}[""type 1""]",[1.0]
"[""person532"", ""person532""]","Union{Missing, String}[""type 1"", ""type 2""]","[0.346, 0.654]"
"[""person533""]","Union{Missing, String}[""type 1""]",[1.0]
"[""person534""]","Union{Missing, String}[""type 2""]",[1.0]
"[""person535""]","Union{Missing, String}[""type 2""]",[1.0]
"[""person536""]","Union{Missing, String}[""type 1""]",[1.0]
"[""person537""]","Union{Missing, String}[""type 1""]",[1.0]
"[""person538""]","Union{Missing, String}[""type 2""]",[1.0]
"[""person539""]","Union{Missing, String}[""type 1""]",[1.0]
"[""person540""]","Union{Missing, String}[""type 1""]",[1.0]
"[""person541"", ""person541""]","Union{Missing, String}[""type 1"", ""type 2""]","[0.5920000000000001, 0.40800000000000003]"
"[""person542"", ""person542""]","Union{Missing, String}[""type 1"", ""type 2""]","[0.5920000000000001, 0.40800000000000003]"
"[""person543""]","Union{Missing, String}[""type 1""]",[1.0]
"[""person544""]","Union{Missing, String}[""type 2""]",[1.0]
"[""person545""]","Union{Missing, String}[""type 2""]",[1.0]
"[""person546"", ""person546""]","Union{Missing, String}[""type 1"", ""type 2""]","[0.598, 0.402]"
"[""person547""]","Union{Missing, String}[""type 1""]",[1.0]
"[""person548""]","Union{Missing, String}[""type 1""]",[1.0]
"[""person549""]","Union{Missing, String}[""type 1""]",[1.0]
"[""person550""]","Union{Missing, String}[""type 2""]",[1.0]
"[""person551"", ""person551""]","Union{Missing, String}[""type 1"", ""type 2""]","[0.844, 0.156]"
"[""person552""]","Union{Missing, String}[""type 2""]",[1.0]
"[""person553""]","Union{Missing, String}[""type 1""]",[1.0]
"[""person554""]","Union{Missing, String}[""type 2""]",[1.0]
"[""person555""]","Union{Missing, String}[""type 1""]",[1.0]
"[""person556""]","Union{Missing, String}[""type 1""]",[1.0]
"[""person557""]","Union{Missing, String}[""type 2""]",[1.0]
"[""person558""]","Union{Missing, String}[""type 2""]",[1.0]
"[""person559""]","Union{Missing, String}[""type 1""]",[1.0]
"[""person560"", ""person560""]","Union{Missing, String}[""type 2"", ""type 1""]","[0.236, 0.764]"
"[""person561"", ""person561""]","Union{Missing, String}[""type 1"", ""type 2""]","[0.932, 0.068]"
"[""person562""]","Union{Missing, String}[""type 1""]",[1.0]
"[""person563""]","Union{Missing, String}[""type 2""]",[1.0]
"[""person564""]","Union{Missing, String}[""type 1""]",[1.0]
"[""person565""]","Union{Missing, String}[""type 1""]",[1.0]
"[""person566""]","Union{Missing, String}[""type 1""]",[1.0]
"[""person567""]","Union{Missing, String}[""type 1""]",[1.0]
"[""person568""]","Union{Missing, String}[""type 1""]",[1.0]
"[""person569"", ""person569""]","Union{Missing, String}[""type 1"", ""type 2""]","[0.082, 0.918]"
"[""person570""]","Union{Missing, String}[""type 1""]",[1.0]
"[""person571""]","Union{Missing, String}[""type 1""]",[1.0]
"[""person572""]","Union{Missing, String}[""type 1""]",[1.0]
"[""person573""]","Union{Missing, String}[""type 1""]",[1.0]
"[""person574""]","Union{Missing, String}[""type 1""]",[1.0]
"[""person575""]","Union{Missing, String}[""type 2""]",[1.0]
"[""person576"", ""person576""]","Union{Missing, String}[""type 1"", ""type 2""]","[0.872, 0.128]"
"[""person577""]","Union{Missing, String}[""type 2""]",[1.0]
"[""person578""]","Union{Missing, String}[""type 1""]",[1.0]
"[""person579""]","Union{Missing, String}[""type 1""]",[1.0]
"[""person580""]","Union{Missing, String}[""type 2""]",[1.0]
"[""person581""]","Union{Missing, String}[""type 1""]",[1.0]
"[""person582""]","Union{Missing, String}[""type 1""]",[1.0]
"[""person583""]","Union{Missing, String}[""type 2""]",[1.0]
"[""person584""]","Union{Missing, String}[""type 1""]",[1.0]
"[""person585"", ""person585""]","Union{Missing, String}[""type 1"", ""type 2""]","[0.5920000000000001, 0.40800000000000003]"
"[""person586""]","Union{Missing, String}[""type 1""]",[1.0]
"[""person587""]","Union{Missing, String}[""type 1""]",[1.0]
"[""person588"", ""person588""]","Union{Missing, String}[""type 1"", ""type 2""]","[0.5920000000000001, 0.40800000000000003]"
"[""person589""]","Union{Missing, String}[""type 2""]",[1.0]
"[""person590""]","Union{Missing, String}[""type 2""]",[1.0]
"[""person591""]","Union{Missing, String}[""type 2""]",[1.0]
"[""person592""]","Union{Missing, String}[""type 2""]",[1.0]
"[""person593""]","Union{Missing, String}[""type 2""]",[1.0]
"[""person594""]","Union{Missing, String}[""type 2""]",[1.0]
"[""person595""]","Union{Missing, String}[""type 2""]",[1.0]
"[""person596""]","Union{Missing, String}[""type 1""]",[1.0]
"[""person597""]","Union{Missing, String}[""type 2""]",[1.0]
"[""person598""]","Union{Missing, String}[""type 2""]",[1.0]
"[""person599""]","Union{Missing, String}[""type 2""]",[1.0]
"[""person600""]","Union{Missing, String}[""type 1""]",[1.0]
"[""person601""]","Union{Missing, String}[""type 1""]",[1.0]
"[""person602""]","Union{Missing, String}[""type 2""]",[1.0]
"[""person603""]","Union{Missing, String}[""type 1""]",[1.0]
"[""person604"", ""person604""]","Union{Missing, String}[""type 1"", ""type 2""]","[0.6479999999999999, 0.352]"
"[""person605""]","Union{Missing, String}[""type 2""]",[1.0]
"[""person606""]","Union{Missing, String}[""type 1""]",[1.0]
"[""person607""]","Union{Missing, String}[""type 1""]",[1.0]
"[""person608""]","Union{Missing, String}[""type 2""]",[1.0]
"[""person609""]","Union{Missing, String}[""type 1""]",[1.0]
"[""person610"", ""person610""]","Union{Missing, String}[""type 1"", ""type 2""]","[0.078, 0.922]"
"[""person611"", ""person611""]","Union{Missing, String}[""type 1"", ""type 2""]","[0.8359999999999999, 0.16399999999999998]"
"[""person612""]","Union{Missing, String}[""type 2""]",[1.0]
"[""person613""]","Union{Missing, String}[""type 1""]",[1.0]
"[""person614""]","Union{Missing, String}[""type 1""]",[1.0]
"[""person615""]","Union{Missing, String}[""type 2""]",[1.0]
"[""person616""]","Union{Missing, String}[""type 1""]",[1.0]
"[""person617"", ""person617""]","Union{Missing, String}[""type 2"", ""type 1""]","[0.202, 0.798]"
"[""person618""]","Union{Missing, String}[""type 1""]",[1.0]
"[""person619""]","Union{Missing, String}[""type 1""]",[1.0]
"[""person620""]","Union{Missing, String}[""type 1""]",[1.0]
"[""person621""]","Union{Missing, String}[""type 1""]",[1.0]
"[""person622"", ""person622""]","Union{Missing, String}[""type 2"", ""type 1""]","[0.21, 0.79]"
"[""person623""]","Union{Missing, String}[""type 2""]",[1.0]
"[""person624""]","Union{Missing, String}[""type 2""]",[1.0]
"[""person625""]","Union{Missing, String}[""type 2""]",[1.0]
"[""person626"", ""person626""]","Union{Missing, String}[""type 2"", ""type 1""]","[0.992, 0.008]"
"[""person627""]","Union{Missing, String}[""type 1""]",[1.0]
"[""person628""]","Union{Missing, String}[""type 2""]",[1.0]
"[""person629"", ""person629""]","Union{Missing, String}[""type 1"", ""type 2""]","[0.212, 0.788]"
"[""person630""]","Union{Missing, String}[""type 2""]",[1.0]
"[""person631""]","Union{Missing, String}[""type 2""]",[1.0]
"[""person632""]","Union{Missing, String}[""type 1""]",[1.0]
"[""person633""]","Union{Missing, String}[""type 1""]",[1.0]
"[""person634""]","Union{Missing, String}[""type 1""]",[1.0]
"[""person635""]","Union{Missing, String}[""type 1""]",[1.0]
"[""person636""]","Union{Missing, String}[""type 1""]",[1.0]
"[""person637"", ""person637""]","Union{Missing, String}[""type 2"", ""type 1""]","[0.15, 0.85]"
"[""person638""]","Union{Missing, String}[""type 2""]",[1.0]
"[""person639""]","Union{Missing, String}[""type 1""]",[1.0]
"[""person640"", ""person640""]","Union{Missing, String}[""type 2"", ""type 1""]","[0.88, 0.12]"
"[""person641""]","Union{Missing, String}[""type 2""]",[1.0]
"[""person642""]","Union{Missing, String}[""type 1""]",[1.0]
"[""person643"", ""person643""]","Union{Missing, String}[""type 1"", ""type 2""]","[0.118, 0.882]"
"[""person644""]","Union{Missing, String}[""type 2""]",[1.0]
"[""person645""]","Union{Missing, String}[""type 1""]",[1.0]
"[""person646""]","Union{Missing, String}[""type 2""]",[1.0]
"[""person647""]","Union{Missing, String}[""type 2""]",[1.0]
"[""person648""]","Union{Missing, String}[""type 1""]",[1.0]
"[""person649""]","Union{Missing, String}[""type 2""]",[1.0]
"[""person650""]","Union{Missing, String}[""type 1""]",[1.0]
"[""person651""]","Union{Missing, String}[""type 1""]",[1.0]
"[""person652""]","Union{Missing, String}[""type 2""]",[1.0]
"[""person653""]","Union{Missing, String}[""type 1""]",[1.0]
"[""person654"", ""person654""]","Union{Missing, String}[""type 2"", ""type 1""]","[0.236, 0.764]"
"[""person655"", ""person655""]","Union{Missing, String}[""type 2"", ""type 1""]","[0.124, 0.876]"
"[""person656""]","Union{Missing, String}[""type 1""]",[1.0]
"[""person657""]","Union{Missing, String}[""type 2""]",[1.0]
"[""person658""]","Union{Missing, String}[""type 2""]",[1.0]
"[""person659""]","Union{Missing, String}[""type 1""]",[1.0]
"[""person660""]","Union{Missing, String}[""type 2""]",[1.0]
"[""person661""]","Union{Missing, String}[""type 2""]",[1.0]
"[""person662""]","Union{Missing, String}[""type 2""]",[1.0]
"[""person663""]","Union{Missing, String}[""type 1""]",[1.0]
"[""person664""]","Union{Missing, String}[""type 1""]",[1.0]
"[""person665""]","Union{Missing, String}[""type 2""]",[1.0]
"[""person666""]","Union{Missing, String}[""type 1""]",[1.0]
"[""person667""]","Union{Missing, String}[""type 2""]",[1.0]
"[""person668"", ""person668""]","Union{Missing, String}[""type 1"", ""type 2""]","[0.5920000000000001, 0.40800000000000003]"
"[""person669""]","Union{Missing, String}[""type 2""]",[1.0]
"[""person670"", ""person670""]","Union{Missing, String}[""type 2"", ""type 1""]","[0.064, 0.9359999999999999]"
"[""person671""]","Union{Missing, String}[""type 1""]",[1.0]
"[""person672""]","Union{Missing, String}[""type 1""]",[1.0]
"[""person673""]","Union{Missing, String}[""type 1""]",[1.0]
"[""person674""]","Union{Missing, String}[""type 1""]",[1.0]
"[""person675""]","Union{Missing, String}[""type 1""]",[1.0]
"[""person676""]","Union{Missing, String}[""type 1""]",[1.0]
"[""person677""]","Union{Missing, String}[""type 2""]",[1.0]
"[""person678""]","Union{Missing, String}[""type 1""]",[1.0]
"[""person679""]","Union{Missing, String}[""type 2""]",[1.0]
"[""person680""]","Union{Missing, String}[""type 2""]",[1.0]
"[""person681""]","Union{Missing, String}[""type 2""]",[1.0]
"[""person682""]","Union{Missing, String}[""type 2""]",[1.0]
"[""person683""]","Union{Missing, String}[""type 2""]",[1.0]
"[""person684""]","Union{Missing, String}[""type 2""]",[1.0]
"[""person685""]","Union{Missing, String}[""type 1""]",[1.0]
"[""person686""]","Union{Missing, String}[""type 2""]",[1.0]
"[""person687""]","Union{Missing, String}[""type 2""]",[1.0]
"[""person688""]","Union{Missing, String}[""type 2""]",[1.0]
"[""person689""]","Union{Missing, String}[""type 1""]",[1.0]
"[""person690"", ""person690""]","Union{Missing, String}[""type 1"", ""type 2""]","[0.104, 0.896]"
"[""person691""]","Union{Missing, String}[""type 2""]",[1.0]
"[""person692""]","Union{Missing, String}[""type 1""]",[1.0]
"[""person693""]","Union{Missing, String}[""type 2""]",[1.0]
"[""person694"", ""person694""]","Union{Missing, String}[""type 2"", ""type 1""]","[0.322, 0.678]"
"[""person695""]","Union{Missing, String}[""type 2""]",[1.0]
"[""person696"", ""person696""]","Union{Missing, String}[""type 1"", ""type 2""]","[0.5920000000000001, 0.40800000000000003]"
"[""person697"", ""person697""]","Union{Missing, String}[""type 2"", ""type 1""]","[0.398, 0.602]"
"[""person698""]","Union{Missing, String}[""type 1""]",[1.0]
"[""person699""]","Union{Missing, String}[""type 1""]",[1.0]
"[""person700""]","Union{Missing, String}[""type 2""]",[1.0]
"[""person701""]","Union{Missing, String}[""type 1""]",[1.0]
"[""person702""]","Union{Missing, String}[""type 1""]",[1.0]
"[""person703""]","Union{Missing, String}[""type 2""]",[1.0]
"[""person704""]","Union{Missing, String}[""type 2""]",[1.0]
"[""person705"", ""person705""]","Union{Missing, String}[""type 1"", ""type 2""]","[0.656, 0.344]"
"[""person706""]","Union{Missing, String}[""type 1""]",[1.0]
"[""person707""]","Union{Missing, String}[""type 2""]",[1.0]
"[""person708""]","Union{Missing, String}[""type 2""]",[1.0]
"[""person709""]","Union{Missing, String}[""type 2""]",[1.0]
"[""person710"", ""person710""]","Union{Missing, String}[""type 2"", ""type 1""]","[0.29, 0.71]"
"[""person711"", ""person711""]","Union{Missing, String}[""type 1"", ""type 2""]","[0.5920000000000001, 0.40800000000000003]"
"[""person712""]","Union{Missing, String}[""type 2""]",[1.0]
"[""person713""]","Union{Missing, String}[""type 2""]",[1.0]
"[""person714""]","Union{Missing, String}[""type 1""]",[1.0]
"[""person715"", ""person715""]","Union{Missing, String}[""type 1"", ""type 2""]","[0.998, 0.002]"
"[""person716""]","Union{Missing, String}[""type 2""]",[1.0]
"[""person717"", ""person717""]","Union{Missing, String}[""type 1"", ""type 2""]","[0.924, 0.076]"
"[""person718""]","Union{Missing, String}[""type 2""]",[1.0]
"[""person719""]","Union{Missing, String}[""type 2""]",[1.0]
"[""person720""]","Union{Missing, String}[""type 2""]",[1.0]
"[""person721""]","Union{Missing, String}[""type 2""]",[1.0]
"[""person722""]","Union{Missing, String}[""type 2""]",[1.0]
"[""person723""]","Union{Missing, String}[""type 1""]",[1.0]
"[""person724"", ""person724""]","Union{Missing, String}[""type 1"", ""type 2""]","[0.044, 0.956]"
"[""person725""]","Union{Missing, String}[""type 2""]",[1.0]
"[""person726""]","Union{Missing, String}[""type 2""]",[1.0]
"[""person727""]","Union{Missing, String}[""type 2""]",[1.0]
"[""person728""]","Union{Missing, String}[""type 1""]",[1.0]
"[""person729""]","Union{Missing, String}[""type 1""]",[1.0]
"[""person730""]","Union{Missing, String}[""type 2""]",[1.0]
"[""person731""]","Union{Missing, String}[""type 1""]",[1.0]
"[""person732""]","Union{Missing, String}[""type 1""]",[1.0]
"[""person733""]","Union{Missing, String}[""type 1""]",[1.0]
"[""person734""]","Union{Missing, String}[""type 1""]",[1.0]
"[""person735"", ""person735""]","Union{Missing, String}[""type 1"", ""type 2""]","[0.5920000000000001, 0.40800000000000003]"
"[""person736"", ""person736""]","Union{Missing, String}[""type 1"", ""type 2""]","[0.662, 0.33799999999999997]"
"[""person737"", ""person737""]","Union{Missing, String}[""type 2"", ""type 1""]","[0.532, 0.46799999999999997]"
"[""person738""]","Union{Missing, String}[""type 2""]",[1.0]
"[""person739""]","Union{Missing, String}[""type 1""]",[1.0]
"[""person740""]","Union{Missing, String}[""type 1""]",[1.0]
"[""person741""]","Union{Missing, String}[""type 1""]",[1.0]
"[""person742""]","Union{Missing, String}[""type 1""]",[1.0]
"[""person743""]","Union{Missing, String}[""type 1""]",[1.0]
"[""person744""]","Union{Missing, String}[""type 2""]",[1.0]
"[""person745""]","Union{Missing, String}[""type 1""]",[1.0]
"[""person746""]","Union{Missing, String}[""type 2""]",[1.0]
"[""person747""]","Union{Missing, String}[""type 2""]",[1.0]
"[""person748"", ""person748""]","Union{Missing, String}[""type 2"", ""type 1""]","[0.198, 0.802]"
"[""person749""]","Union{Missing, String}[""type 2""]",[1.0]
"[""person750""]","Union{Missing, String}[""type 1""]",[1.0]
"[""person751""]","Union{Missing, String}[""type 1""]",[1.0]
"[""person752""]","Union{Missing, String}[""type 2""]",[1.0]
"[""person753"", ""person753""]","Union{Missing, String}[""type 1"", ""type 2""]","[0.636, 0.364]"
"[""person754""]","Union{Missing, String}[""type 2""]",[1.0]
"[""person755""]","Union{Missing, String}[""type 2""]",[1.0]
"[""person756""]","Union{Missing, String}[""type 1""]",[1.0]
"[""person757""]","Union{Missing, String}[""type 1""]",[1.0]
"[""person758"", ""person758""]","Union{Missing, String}[""type 1"", ""type 2""]","[0.82, 0.18]"
"[""person759"", ""person759""]","Union{Missing, String}[""type 2"", ""type 1""]","[0.9480000000000001, 0.052]"
"[""person760""]","Union{Missing, String}[""type 1""]",[1.0]
"[""person761""]","Union{Missing, String}[""type 1""]",[1.0]
"[""person762""]","Union{Missing, String}[""type 1""]",[1.0]
"[""person763""]","Union{Missing, String}[""type 2""]",[1.0]
"[""person764""]","Union{Missing, String}[""type 2""]",[1.0]
"[""person765""]","Union{Missing, String}[""type 1""]",[1.0]
"[""person766"", ""person766""]","Union{Missing, String}[""type 1"", ""type 2""]","[0.696, 0.304]"
"[""person767"", ""person767""]","Union{Missing, String}[""type 2"", ""type 1""]","[0.21, 0.79]"
"[""person768""]","Union{Missing, String}[""type 1""]",[1.0]
"[""person769""]","Union{Missing, String}[""type 1""]",[1.0]
"[""person770"", ""person770""]","Union{Missing, String}[""type 2"", ""type 1""]","[0.632, 0.368]"
"[""person771""]","Union{Missing, String}[""type 2""]",[1.0]
"[""person772"", ""person772""]","Union{Missing, String}[""type 1"", ""type 2""]","[0.23399999999999999, 0.766]"
"[""person773""]","Union{Missing, String}[""type 1""]",[1.0]
"[""person774"", ""person774""]","Union{Missing, String}[""type 1"", ""type 2""]","[0.598, 0.402]"
"[""person775""]","Union{Missing, String}[""type 1""]",[1.0]
"[""person776""]","Union{Missing, String}[""type 1""]",[1.0]
"[""person777""]","Union{Missing, String}[""type 2""]",[1.0]
"[""person778""]","Union{Missing, String}[""type 1""]",[1.0]
"[""person779"", ""person779""]","Union{Missing, String}[""type 1"", ""type 2""]","[0.622, 0.378]"
"[""person780""]","Union{Missing, String}[""type 2""]",[1.0]
"[""person781""]","Union{Missing, String}[""type 1""]",[1.0]
"[""person782""]","Union{Missing, String}[""type 2""]",[1.0]
"[""person783""]","Union{Missing, String}[""type 2""]",[1.0]
"[""person784""]","Union{Missing, String}[""type 2""]",[1.0]
"[""person785""]","Union{Missing, String}[""type 2""]",[1.0]
"[""person786""]","Union{Missing, String}[""type 1""]",[1.0]
"[""person787""]","Union{Missing, String}[""type 1""]",[1.0]
"[""person788""]","Union{Missing, String}[""type 1""]",[1.0]
"[""person789""]","Union{Missing, String}[""type 1""]",[1.0]
"[""person790"", ""person790""]","Union{Missing, String}[""type 1"", ""type 2""]","[0.37, 0.63]"
"[""person791""]","Union{Missing, String}[""type 2""]",[1.0]
"[""person792""]","Union{Missing, String}[""type 2""]",[1.0]
"[""person793""]","Union{Missing, String}[""type 1""]",[1.0]
"[""person794""]","Union{Missing, String}[""type 2""]",[1.0]
"[""person795""]","Union{Missing, String}[""type 1""]",[1.0]
"[""person796""]","Union{Missing, String}[""type 2""]",[1.0]
"[""person797""]","Union{Missing, String}[""type 2""]",[1.0]
"[""person798""]","Union{Missing, String}[""type 2""]",[1.0]
"[""person799""]","Union{Missing, String}[""type 2""]",[1.0]
"[""person800""]","Union{Missing, String}[""type 2""]",[1.0]
"[""person801""]","Union{Missing, String}[""type 1""]",[1.0]
"[""person802""]","Union{Missing, String}[""type 2""]",[1.0]
"[""person803""]","Union{Missing, String}[""type 2""]",[1.0]
"[""person804""]","Union{Missing, String}[""type 1""]",[1.0]
"[""person805"", ""person805""]","Union{Missing, String}[""type 1"", ""type 2""]","[0.06, 0.94]"
"[""person806"", ""person806""]","Union{Missing, String}[""type 1"", ""type 2""]","[0.934, 0.066]"
"[""person807""]","Union{Missing, String}[""type 1""]",[1.0]
"[""person808""]","Union{Missing, String}[""type 2""]",[1.0]
"[""person809""]","Union{Missing, String}[""type 1""]",[1.0]
"[""person810""]","Union{Missing, String}[""type 2""]",[1.0]
"[""person811""]","Union{Missing, String}[""type 2""]",[1.0]
"[""person812""]","Union{Missing, String}[""type 1""]",[1.0]
"[""person813""]","Union{Missing, String}[""type 1""]",[1.0]
"[""person814""]","Union{Missing, String}[""type 2""]",[1.0]
"[""person815""]","Union{Missing, String}[""type 1""]",[1.0]
"[""person816""]","Union{Missing, String}[""type 1""]",[1.0]
"[""person817""]","Union{Missing, String}[""type 1""]",[1.0]
"[""person818""]","Union{Missing, String}[""type 2""]",[1.0]
"[""person819""]","Union{Missing, String}[""type 2""]",[1.0]
"[""person820"", ""person820""]","Union{Missing, String}[""type 1"", ""type 2""]","[0.042, 0.958]"
"[""person821""]","Union{Missing, String}[""type 1""]",[1.0]
"[""person822""]","Union{Missing, String}[""type 1""]",[1.0]
"[""person823""]","Union{Missing, String}[""type 1""]",[1.0]
"[""person824""]","Union{Missing, String}[""type 2""]",[1.0]
"[""person825"", ""person825""]","Union{Missing, String}[""type 1"", ""type 2""]","[0.928, 0.07200000000000001]"
"[""person826""]","Union{Missing, String}[""type 2""]",[1.0]
"[""person827""]","Union{Missing, String}[""type 1""]",[1.0]
"[""person828""]","Union{Missing, String}[""type 2""]",[1.0]
"[""person829""]","Union{Missing, String}[""type 1""]",[1.0]
"[""person830""]","Union{Missing, String}[""type 2""]",[1.0]
"[""person831""]","Union{Missing, String}[""type 1""]",[1.0]
"[""person832"", ""person832""]","Union{Missing, String}[""type 1"", ""type 2""]","[0.86, 0.14]"
"[""person833""]","Union{Missing, String}[""type 2""]",[1.0]
"[""person834""]","Union{Missing, String}[""type 2""]",[1.0]
"[""person835""]","Union{Missing, String}[""type 2""]",[1.0]
"[""person836""]","Union{Missing, String}[""type 1""]",[1.0]
"[""person837""]","Union{Missing, String}[""type 1""]",[1.0]
"[""person838""]","Union{Missing, String}[""type 1""]",[1.0]
"[""person839""]","Union{Missing, String}[""type 1""]",[1.0]
"[""person840""]","Union{Missing, String}[""type 1""]",[1.0]
"[""person841""]","Union{Missing, String}[""type 2""]",[1.0]
"[""person842""]","Union{Missing, String}[""type 1""]",[1.0]
"[""person843""]","Union{Missing, String}[""type 1""]",[1.0]
"[""person844""]","Union{Missing, String}[""type 2""]",[1.0]
"[""person845""]","Union{Missing, String}[""type 2""]",[1.0]
"[""person846"", ""person846""]","Union{Missing, String}[""type 2"", ""type 1""]","[0.51, 0.49]"
"[""person847""]","Union{Missing, String}[""type 1""]",[1.0]
"[""person848""]","Union{Missing, String}[""type 2""]",[1.0]
"[""person849"", ""person849""]","Union{Missing, String}[""type 2"", ""type 1""]","[0.162, 0.838]"
"[""person850""]","Union{Missing, String}[""type 2""]",[1.0]
"[""person851""]","Union{Missing, String}[""type 1""]",[1.0]
"[""person852"", ""person852""]","Union{Missing, String}[""type 1"", ""type 2""]","[0.036, 0.964]"
"[""person853""]","Union{Missing, String}[""type 2""]",[1.0]
"[""person854""]","Union{Missing, String}[""type 1""]",[1.0]
"[""person855""]","Union{Missing, String}[""type 1""]",[1.0]
"[""person856""]","Union{Missing, String}[""type 2""]",[1.0]
"[""person857"", ""person857""]","Union{Missing, String}[""type 1"", ""type 2""]","[0.59, 0.41]"
"[""person858""]","Union{Missing, String}[""type 1""]",[1.0]
"[""person859""]","Union{Missing, String}[""type 1""]",[1.0]
"[""person860""]","Union{Missing, String}[""type 2""]",[1.0]
"[""person861""]","Union{Missing, String}[""type 1""]",[1.0]
"[""person862""]","Union{Missing, String}[""type 1""]",[1.0]
"[""person863""]","Union{Missing, String}[""type 1""]",[1.0]
"[""person864""]","Union{Missing, String}[""type 1""]",[1.0]
"[""person865""]","Union{Missing, String}[""type 1""]",[1.0]
"[""person866""]","Union{Missing, String}[""type 2""]",[1.0]
"[""person867""]","Union{Missing, String}[""type 1""]",[1.0]
"[""person868""]","Union{Missing, String}[""type 2""]",[1.0]
"[""person869""]","Union{Missing, String}[""type 1""]",[1.0]
"[""person870""]","Union{Missing, String}[""type 1""]",[1.0]
"[""person871""]","Union{Missing, String}[""type 2""]",[1.0]
"[""person872""]","Union{Missing, String}[""type 2""]",[1.0]
"[""person873"", ""person873""]","Union{Missing, String}[""type 2"", ""type 1""]","[0.266, 0.734]"
"[""person874"", ""person874""]","Union{Missing, String}[""type 1"", ""type 2""]","[0.5920000000000001, 0.40800000000000003]"
"[""person875""]","Union{Missing, String}[""type 1""]",[1.0]
"[""person876""]","Union{Missing, String}[""type 2""]",[1.0]
"[""person877""]","Union{Missing, String}[""type 2""]",[1.0]
"[""person878""]","Union{Missing, String}[""type 1""]",[1.0]
"[""person879""]","Union{Missing, String}[""type 1""]",[1.0]
"[""person880""]","Union{Missing, String}[""type 1""]",[1.0]
"[""person881""]","Union{Missing, String}[""type 2""]",[1.0]
"[""person882"", ""person882""]","Union{Missing, String}[""type 1"", ""type 2""]","[0.644, 0.356]"
"[""person883""]","Union{Missing, String}[""type 2""]",[1.0]
"[""person884""]","Union{Missing, String}[""type 1""]",[1.0]
"[""person885""]","Union{Missing, String}[""type 1""]",[1.0]
"[""person886""]","Union{Missing, String}[""type 2""]",[1.0]
"[""person887""]","Union{Missing, String}[""type 1""]",[1.0]
"[""person888"", ""person888""]","Union{Missing, String}[""type 2"", ""type 1""]","[0.526, 0.474]"
"[""person889"", ""person889""]","Union{Missing, String}[""type 2"", ""type 1""]","[0.226, 0.774]"
"[""person890""]","Union{Missing, String}[""type 2""]",[1.0]
"[""person891""]","Union{Missing, String}[""type 2""]",[1.0]
"[""person892""]","Union{Missing, String}[""type 2""]",[1.0]
"[""person893""]","Union{Missing, String}[""type 2""]",[1.0]
"[""person894""]","Union{Missing, String}[""type 1""]",[1.0]
"[""person895"", ""person895""]","Union{Missing, String}[""type 2"", ""type 1""]","[0.118, 0.882]"
"[""person896"", ""person896""]","Union{Missing, String}[""type 1"", ""type 2""]","[0.998, 0.002]"
"[""person897""]","Union{Missing, String}[""type 2""]",[1.0]
"[""person898""]","Union{Missing, String}[""type 1""]",[1.0]
"[""person899""]","Union{Missing, String}[""type 2""]",[1.0]
"[""person900""]","Union{Missing, String}[""type 1""]",[1.0]
"[""person901""]","Union{Missing, String}[""type 2""]",[1.0]
"[""person902""]","Union{Missing, String}[""type 2""]",[1.0]
"[""person903""]","Union{Missing, String}[""type 2""]",[1.0]
"[""person904""]","Union{Missing, String}[""type 1""]",[1.0]
"[""person905""]","Union{Missing, String}[""type 1""]",[1.0]
"[""person906""]","Union{Missing, String}[""type 2""]",[1.0]
"[""person907""]","Union{Missing, String}[""type 2""]",[1.0]
"[""person908""]","Union{Missing, String}[""type 1""]",[1.0]
"[""person909""]","Union{Missing, String}[""type 1""]",[1.0]
"[""person910""]","Union{Missing, String}[""type 2""]",[1.0]
"[""person911""]","Union{Missing, String}[""type 2""]",[1.0]
"[""person912""]","Union{Missing, String}[""type 1""]",[1.0]
"[""person913""]","Union{Missing, String}[""type 1""]",[1.0]
"[""person914""]","Union{Missing, String}[""type 2""]",[1.0]
"[""person915""]","Union{Missing, String}[""type 2""]",[1.0]
"[""person916""]","Union{Missing, String}[""type 1""]",[1.0]
"[""person917""]","Union{Missing, String}[""type 1""]",[1.0]
"[""person918""]","Union{Missing, String}[""type 1""]",[1.0]
"[""person919""]","Union{Missing, String}[""type 1""]",[1.0]
"[""person920"", ""person920""]","Union{Missing, String}[""type 1"", ""type 2""]","[0.062, 0.938]"
"[""person921""]","Union{Missing, String}[""type 1""]",[1.0]
"[""person922"", ""person922""]","Union{Missing, String}[""type 2"", ""type 1""]","[0.002, 0.998]"
"[""person923""]","Union{Missing, String}[""type 1""]",[1.0]
"[""person924"", ""person924""]","Union{Missing, String}[""type 1"", ""type 2""]","[0.22, 0.78]"
"[""person925""]","Union{Missing, String}[""type 2""]",[1.0]
"[""person926""]","Union{Missing, String}[""type 2""]",[1.0]
"[""person927""]","Union{Missing, String}[""type 2""]",[1.0]
"[""person928""]","Union{Missing, String}[""type 2""]",[1.0]
"[""person929""]","Union{Missing, String}[""type 1""]",[1.0]
"[""person930""]","Union{Missing, String}[""type 2""]",[1.0]
"[""person931""]","Union{Missing, String}[""type 1""]",[1.0]
"[""person932""]","Union{Missing, String}[""type 2""]",[1.0]
"[""person933""]","Union{Missing, String}[""type 2""]",[1.0]
"[""person934""]","Union{Missing, String}[""type 1""]",[1.0]
"[""person935""]","Union{Missing, String}[""type 1""]",[1.0]
"[""person936""]","Union{Missing, String}[""type 1""]",[1.0]
"[""person937"", ""person937""]","Union{Missing, String}[""type 2"", ""type 1""]","[0.186, 0.814]"
"[""person938""]","Union{Missing, String}[""type 2""]",[1.0]
"[""person939""]","Union{Missing, String}[""type 1""]",[1.0]
"[""person940""]","Union{Missing, String}[""type 2""]",[1.0]
"[""person941""]","Union{Missing, String}[""type 2""]",[1.0]
"[""person942""]","Union{Missing, String}[""type 2""]",[1.0]
"[""person943"", ""person943""]","Union{Missing, String}[""type 1"", ""type 2""]","[0.216, 0.784]"
"[""person944"", ""person944""]","Union{Missing, String}[""type 1"", ""type 2""]","[0.85, 0.15]"
"[""person945""]","Union{Missing, String}[""type 1""]",[1.0]
"[""person946""]","Union{Missing, String}[""type 2""]",[1.0]
"[""person947"", ""person947""]","Union{Missing, String}[""type 2"", ""type 1""]","[0.194, 0.806]"
"[""person948""]","Union{Missing, String}[""type 1""]",[1.0]
"[""person949""]","Union{Missing, String}[""type 1""]",[1.0]
"[""person950""]","Union{Missing, String}[""type 2""]",[1.0]
"[""person951""]","Union{Missing, String}[""type 1""]",[1.0]
"[""person952""]","Union{Missing, String}[""type 2""]",[1.0]
"[""person953""]","Union{Missing, String}[""type 2""]",[1.0]
"[""person954""]","Union{Missing, String}[""type 2""]",[1.0]
"[""person955""]","Union{Missing, String}[""type 1""]",[1.0]
"[""person956""]","Union{Missing, String}[""type 1""]",[1.0]
"[""person957"", ""person957""]","Union{Missing, String}[""type 2"", ""type 1""]","[0.184, 0.816]"
"[""person958""]","Union{Missing, String}[""type 2""]",[1.0]
"[""person959""]","Union{Missing, String}[""type 1""]",[1.0]
"[""person960""]","Union{Missing, String}[""type 2""]",[1.0]
"[""person961""]","Union{Missing, String}[""type 1""]",[1.0]
"[""person962""]","Union{Missing, String}[""type 2""]",[1.0]
"[""person963""]","Union{Missing, String}[""type 2""]",[1.0]
"[""person964"", ""person964""]","Union{Missing, String}[""type 1"", ""type 2""]","[0.624, 0.376]"
"[""person965""]","Union{Missing, String}[""type 2""]",[1.0]
"[""person966""]","Union{Missing, String}[""type 2""]",[1.0]
"[""person967""]","Union{Missing, String}[""type 2""]",[1.0]
"[""person968"", ""person968""]","Union{Missing, String}[""type 2"", ""type 1""]","[0.124, 0.876]"
"[""person969""]","Union{Missing, String}[""type 2""]",[1.0]
"[""person970""]","Union{Missing, String}[""type 1""]",[1.0]
"[""person971""]","Union{Missing, String}[""type 2""]",[1.0]
"[""person972"", ""person972""]","Union{Missing, String}[""type 2"", ""type 1""]","[0.274, 0.726]"
"[""person973""]","Union{Missing, String}[""type 1""]",[1.0]
"[""person974""]","Union{Missing, String}[""type 1""]",[1.0]
"[""person975""]","Union{Missing, String}[""type 1""]",[1.0]
"[""person976""]","Union{Missing, String}[""type 2""]",[1.0]
"[""person977""]","Union{Missing, String}[""type 2""]",[1.0]
"[""person978""]","Union{Missing, String}[""type 1""]",[1.0]
"[""person979""]","Union{Missing, String}[""type 1""]",[1.0]
"[""person980""]","Union{Missing, String}[""type 1""]",[1.0]
"[""person981""]","Union{Missing, String}[""type 1""]",[1.0]
"[""person982"", ""person982""]","Union{Missing, String}[""type 2"", ""type 1""]","[0.136, 0.864]"
"[""person983"", ""person983""]","Union{Missing, String}[""type 2"", ""type 1""]","[0.998, 0.002]"
"[""person984""]","Union{Missing, String}[""type 1""]",[1.0]
"[""person985""]","Union{Missing, String}[""type 1""]",[1.0]
"[""person986"", ""person986""]","Union{Missing, String}[""type 2"", ""type 1""]","[0.002, 0.998]"
"[""person987""]","Union{Missing, String}[""type 2""]",[1.0]
"[""person988""]","Union{Missing, String}[""type 1""]",[1.0]
"[""person989"", ""person989""]","Union{Missing, String}[""type 2"", ""type 1""]","[0.19, 0.81]"
"[""person990""]","Union{Missing, String}[""type 1""]",[1.0]
"[""person991"", ""person991""]","Union{Missing, String}[""type 2"", ""type 1""]","[0.062, 0.938]"
"[""person992""]","Union{Missing, String}[""type 1""]",[1.0]
"[""person993""]","Union{Missing, String}[""type 2""]",[1.0]
"[""person994""]","Union{Missing, String}[""type 2""]",[1.0]
"[""person995""]","Union{Missing, String}[""type 2""]",[1.0]
"[""person996""]","Union{Missing, String}[""type 2""]",[1.0]
"[""person997""]","Union{Missing, String}[""type 1""]",[1.0]
"[""person998"", ""person998""]","Union{Missing, String}[""type 1"", ""type 2""]","[0.5920000000000001, 0.40800000000000003]"
"[""person999""]","Union{Missing, String}[""type 2""]",[1.0]
"[""person1000""]","Union{Missing, String}[""type 1""]",[1.0]
